sample_id,Category,ST,ST:color,Subtype_in_ST78,Subtype_in_popgen
GCA_000147235.1,ncbi_cluster,17,#CC99FF,na,na
GCA_000160315.2,ncbi_cluster,16,#F8F8F8,na,na
GCA_000172675.1,ncbi_cluster,17,#CC99FF,na,na
GCA_000239095.2,ncbi_cluster,192,#F8F8F8,na,na
GCA_000295075.2,ncbi_cluster,412,#F8F8F8,na,na
GCA_000295215.2,ncbi_cluster,17,#CC99FF,na,na
GCA_000295595.2,ncbi_cluster,549,#F8F8F8,na,na
GCA_000321665.1,ncbi_cluster,117,#F8F8F8,na,na
GCA_000321865.1,ncbi_cluster,163,#F8F8F8,na,na
GCA_000322065.1,ncbi_cluster,18,#F8F8F8,na,na
GCA_000322345.1,ncbi_cluster,78,#CCCC33 ,na,na
GCA_000393675.1,ncbi_cluster,50,#F8F8F8,na,na
GCA_000394435.1,ncbi_cluster,25,#F8F8F8,na,na
GCA_000395445.1,ncbi_cluster,636,#F8F8F8,na,na
GCA_000395505.1,ncbi_cluster,636,#F8F8F8,na,na
GCA_000395545.1,ncbi_cluster,17,#CC99FF,na,na
GCA_000395685.1,ncbi_cluster,20,#F8F8F8,na,na
GCA_000395725.1,ncbi_cluster,784,#F8F8F8,na,na
GCA_000395765.1,ncbi_cluster,417,#F8F8F8,na,na
GCA_000395805.1,ncbi_cluster,38,#F8F8F8,na,na
GCA_000395865.1,ncbi_cluster,412,#F8F8F8,na,na
GCA_000395905.1,ncbi_cluster,17,#CC99FF,na,na
GCA_000396785.1,ncbi_cluster,5,#F8F8F8,na,na
GCA_000396925.1,ncbi_cluster,16,#F8F8F8,na,na
GCA_000407385.1,ncbi_cluster,860,#F8F8F8,na,na
GCA_000442045.1,ncbi_cluster,17,#CC99FF,na,na
GCA_000444405.1,old_reference_aus0085,203,#99CCCC,na,na
GCA_000478305.1,ncbi_cluster,22,#F8F8F8,na,na
GCA_000772525.1,ncbi_cluster,17,#CC99FF,na,na
GCA_000982025.1,ncbi_cluster,18,#F8F8F8,na,na
GCA_001053045.1,ncbi_cluster,117,#F8F8F8,na,na
GCA_001058125.1,ncbi_cluster,18,#F8F8F8,na,na
GCA_001060065.1,ncbi_cluster,18,#F8F8F8,na,na
GCA_001298485.1,refseq_completeGenome,21,#F8F8F8,na,na
GCA_001412695.1,refseq_completeGenome,21,#F8F8F8,na,na
GCA_001518735.1,refseq_completeGenome,203,#99CCCC,na,na
GCA_001543645.1,ncbi_cluster,25,#F8F8F8,na,na
GCA_001545535.1,ncbi_cluster,192,#F8F8F8,na,na
GCA_001545685.1,ncbi_cluster,78,#CCCC33 ,na,na
GCA_001547015.1,ncbi_cluster,317,#F8F8F8,na,na
GCA_001547175.1,ncbi_cluster,721,#F8F8F8,na,na
GCA_001547265.1,ncbi_cluster,203,#99CCCC,na,na
GCA_001547285.1,ncbi_cluster,80,#FFCC99,na,na
GCA_001562895.1,ncbi_cluster,1495,#F8F8F8,na,na
GCA_001562925.1,ncbi_cluster,117,#F8F8F8,na,na
GCA_001587115.1,refseq_completeGenome,904,#F8F8F8,na,na
GCA_001635875.1,refseq_completeGenome,736,#F8F8F8,na,na
GCA_001720945.1,refseq_completeGenome,-,#F8F8F8,na,na
GCA_001721065.1,refseq_completeGenome,736,#F8F8F8,na,na
GCA_001721905.1,refseq_completeGenome,18,#F8F8F8,na,na
GCA_001750885.1,refseq_completeGenome,16,#F8F8F8,na,na
GCA_001858355.1,ncbi_cluster,125,#F8F8F8,na,na
GCA_001886635.1,ncbi_cluster_refseq_completeGenome,117,#F8F8F8,na,na
GCA_001895905.1,refseq_completeGenome,203,#99CCCC,na,na
GCA_001953235.1,refseq_completeGenome,736,#F8F8F8,na,na
GCA_001953255.1,refseq_completeGenome,736,#F8F8F8,na,na
GCA_001969545.1,ncbi_cluster,203,#99CCCC,na,na
GCA_001969625.1,ncbi_cluster,80,#FFCC99,na,na
GCA_001990575.1,ncbi_cluster,262,#F8F8F8,na,na
GCA_002005805.1,ncbi_cluster,896,#F8F8F8,na,na
GCA_002007625.1,refseq_completeGenome,1421,#66CC99,na,na
GCA_002024245.1,refseq_completeGenome,1421,#66CC99,na,na
GCA_002025045.1,refseq_completeGenome,1421,#66CC99,na,na
GCA_002025065.1,refseq_completeGenome,1421,#66CC99,na,na
GCA_002027505.1,ncbi_cluster,478,#F8F8F8,na,na
GCA_002119055.1,ncbi_cluster,NF,#F8F8F8,na,na
GCA_002140295.1,ncbi_cluster,NF,#F8F8F8,na,na
GCA_002140385.1,ncbi_cluster,717,#F8F8F8,na,na
GCA_002158245.1,ncbi_cluster,412,#F8F8F8,na,na
GCA_002158325.1,ncbi_cluster,734,#F8F8F8,na,na
GCA_002158435.1,ncbi_cluster,967,#F8F8F8,na,na
GCA_002206235.2,ncbi_cluster,17,#CC99FF,na,na
GCA_002263125.1,ncbi_cluster,172,#F8F8F8,na,na
GCA_002334625.1,refseq_completeGenome,192,#F8F8F8,na,na
GCA_002442955.1,refseq_completeGenome,16,#F8F8F8,na,na
GCA_002562815.1,ncbi_cluster,NF,#F8F8F8,na,na
GCA_002631535.1,ncbi_cluster,17,#CC99FF,na,na
GCA_002761255.1,refseq_completeGenome,736,#F8F8F8,na,na
GCA_002761275.1,refseq_completeGenome,736,#F8F8F8,na,na
GCA_002777275.1,refseq_completeGenome,736,#F8F8F8,na,na
GCA_002831505.1,refseq_completeGenome,30,#F8F8F8,na,na
GCA_002848385.1,refseq_completeGenome,78,#CCCC33 ,na,na
GCA_002848625.1,refseq_completeGenome,736,#F8F8F8,na,na
GCA_002848645.1,refseq_completeGenome,736,#F8F8F8,na,na
GCA_002848665.1,refseq_completeGenome,736,#F8F8F8,na,na
GCA_002848685.1,refseq_completeGenome,736,#F8F8F8,na,na
GCA_002848705.1,refseq_completeGenome,736,#F8F8F8,na,na
GCA_002848725.1,refseq_completeGenome,736,#F8F8F8,na,na
GCA_002848745.1,refseq_completeGenome,736,#F8F8F8,na,na
GCA_002850515.1,refseq_completeGenome,66,#F8F8F8,na,na
GCA_002880635.1,refseq_completeGenome,736,#F8F8F8,na,na
GCA_002944515.1,ncbi_cluster,54,#F8F8F8,na,na
GCA_002947615.1,ncbi_cluster,NF,#F8F8F8,na,na
GCA_002973755.2,refseq_completeGenome,17,#CC99FF,na,na
GCA_002983785.1,refseq_completeGenome,683,#F8F8F8,na,na
GCA_003020685.1,refseq_completeGenome,1421,#66CC99,na,na
GCA_003020705.1,refseq_completeGenome,78,#CCCC33 ,na,na
GCA_003020725.1,refseq_completeGenome,796,#F8F8F8,na,na
GCA_003020745.1,refseq_completeGenome,203,#99CCCC,na,na
GCA_003020765.1,refseq_completeGenome,80,#FFCC99,na,na
GCA_003071425.1,refseq_completeGenome,203,#99CCCC,na,na
GCA_003071445.1,refseq_completeGenome,203,#99CCCC,na,na
GCA_003268195.1,ncbi_cluster,80,#FFCC99,na,na
GCA_003268205.1,ncbi_cluster,117,#F8F8F8,na,na
GCA_003269465.1,refseq_completeGenome,172,#F8F8F8,na,na
GCA_003284815.1,ncbi_cluster,78,#CCCC33 ,na,na
GCA_003320115.1,ncbi_cluster,21,#F8F8F8,na,na
GCA_003320395.1,ncbi_cluster,800,#F8F8F8,na,na
GCA_003320485.1,ncbi_cluster,38,#F8F8F8,na,na
GCA_003323435.1,ncbi_cluster,203,#99CCCC,na,na
GCA_003335835.1,ncbi_cluster,969,#F8F8F8,na,na
GCA_003350665.1,ncbi_cluster,412,#F8F8F8,na,na
GCA_003409035.1,ncbi_cluster,192,#F8F8F8,na,na
GCA_003574925.1,refseq_completeGenome,-,#F8F8F8,na,na
GCA_003667965.1,refseq_completeGenome,812,#F8F8F8,na,na
GCA_003797365.1,ncbi_cluster,540,#F8F8F8,na,na
GCA_003938135.1,ncbi_cluster,787,#F8F8F8,na,na
GCA_003938485.1,ncbi_cluster,NF,#F8F8F8,na,na
GCA_003939205.1,ncbi_cluster,80,#FFCC99,na,na
GCA_003939805.1,ncbi_cluster,761,#F8F8F8,na,na
GCA_003940245.1,ncbi_cluster,132,#F8F8F8,na,na
GCA_003957785.1,rbwh1_ncbi_cluster_refseq_completeGenome,203,#99CCCC,na,na
GCA_004015145.1,refseq_completeGenome,-,#F8F8F8,na,na
GCA_004101385.1,refseq_completeGenome,-,#F8F8F8,na,na
GCA_004103475.1,refseq_completeGenome,-,#F8F8F8,na,na
GCA_004151785.1,ncbi_cluster,18,#F8F8F8,na,na
GCA_004151885.1,ncbi_cluster,80,#FFCC99,na,na
GCA_004151895.1,ncbi_cluster,18,#F8F8F8,na,na
GCA_004151965.1,ncbi_cluster,736,#F8F8F8,na,na
GCA_004151995.1,ncbi_cluster,736,#F8F8F8,na,na
GCA_004152185.1,ncbi_cluster,78,#CCCC33 ,na,na
GCA_004152475.1,ncbi_cluster,NF,#F8F8F8,na,na
GCA_004152585.1,ncbi_cluster,18,#F8F8F8,na,na
GCA_004299975.1,ncbi_cluster,736,#F8F8F8,na,na
GCA_004300005.1,ncbi_cluster,80,#FFCC99,na,na
GCA_004300115.1,ncbi_cluster,203,#99CCCC,na,na
GCA_004300395.1,ncbi_cluster,1478,#F8F8F8,na,na
GCA_004300465.1,ncbi_cluster,80,#FFCC99,na,na
GCA_004300505.1,ncbi_cluster,80,#FFCC99,na,na
GCA_004328385.1,ncbi_cluster,NF,#F8F8F8,na,na
GCA_004332055.1,refseq_completeGenome,32,#F8F8F8,na,na
GCA_005166365.1,refseq_completeGenome,1054,#F8F8F8,na,na
GCA_005234215.1,ncbi_cluster,203,#99CCCC,na,na
GCA_005235345.1,ncbi_cluster,17,#CC99FF,na,na
GCA_005235655.1,ncbi_cluster,375,#F8F8F8,na,na
GCA_005235745.1,ncbi_cluster,203,#99CCCC,na,na
GCA_005576735.1,refseq_completeGenome,17,#CC99FF,na,na
GCA_005886545.1,refseq_completeGenome,80,#FFCC99,na,na
GCA_005886655.1,refseq_completeGenome,80,#FFCC99,na,na
GCA_005886715.1,refseq_completeGenome,80,#FFCC99,na,na
GCA_005886735.1,refseq_completeGenome,80,#FFCC99,na,na
GCA_005952885.1,refseq_completeGenome,280,#F8F8F8,na,na
GCA_006007925.1,refseq_completeGenome,78,#CCCC33 ,na,na
GCA_006280355.1,refseq_completeGenome,-,#F8F8F8,na,na
GCA_006337045.1,refseq_completeGenome,19,#F8F8F8,na,na
GCA_006337145.1,refseq_completeGenome,361,#F8F8F8,na,na
GCA_006351785.1,refseq_completeGenome,19,#F8F8F8,na,na
GCA_006351845.1,refseq_completeGenome,1091,#F8F8F8,na,na
GCA_006375925.1,ncbi_cluster,412,#F8F8F8,na,na
GCA_006376055.1,ncbi_cluster,280,#F8F8F8,na,na
GCA_006376225.1,ncbi_cluster,203,#99CCCC,na,na
GCA_006376235.1,ncbi_cluster,17,#CC99FF,na,na
GCA_006575625.1,refseq_completeGenome,549,#F8F8F8,na,na
GCA_006741355.1,refseq_completeGenome,-,#F8F8F8,na,na
GCA_007917035.3,refseq_completeGenome,203,#99CCCC,na,na
GCA_007917315.3,refseq_completeGenome,203,#99CCCC,na,na
GCA_008000855.1,refseq_completeGenome,76,#F8F8F8,na,na
GCA_008079275.1,ncbi_cluster,22,#F8F8F8,na,na
GCA_008131435.1,ncbi_cluster,17,#CC99FF,na,na
GCA_008131445.1,ncbi_cluster,17,#CC99FF,na,na
GCA_008131525.1,ncbi_cluster,412,#F8F8F8,na,na
GCA_008131725.1,ncbi_cluster,17,#CC99FF,na,na
GCA_008131755.1,ncbi_cluster,412,#F8F8F8,na,na
GCA_008330605.1,refseq_completeGenome,178,#F8F8F8,na,na
GCA_008728455.1,refseq_completeGenome,787,#F8F8F8,na,na
GCA_008728475.1,refseq_completeGenome,117,#F8F8F8,na,na
GCA_008868365.1,ncbi_cluster,17,#CC99FF,na,na
GCA_008921805.1,ncbi_cluster,896,#F8F8F8,na,na
GCA_008921935.1,ncbi_cluster,412,#F8F8F8,na,na
GCA_009036045.1,refseq_completeGenome,323,#F8F8F8,na,na
GCA_009183895.1,ncbi_cluster,18,#F8F8F8,na,na
GCA_009697285.1,refseq_completeGenome,1478,#F8F8F8,na,na
GCA_009707525.1,ncbi_cluster,1058,#F8F8F8,na,na
GCA_009734005.2,ncbi_cluster_refseq_completeGenome,78,#CCCC33 ,na,na
GCA_009734855.1,ncbi_cluster,18,#F8F8F8,na,na
GCA_009734915.1,ncbi_cluster,18,#F8F8F8,na,na
GCA_009846545.2,ncbi_cluster,18,#F8F8F8,na,na
GCA_009896685.1,ncbi_cluster,178,#F8F8F8,na,na
GCA_009938075.1,ncbi_cluster_refseq_completeGenome,78,#CCCC33 ,na,na
GCA_009938285.1,refseq_completeGenome,17,#CC99FF,na,na
GCA_010119315.1,ncbi_cluster,17,#CC99FF,na,na
GCA_010120755.1,ncbi_cluster_refseq_completeGenome,78,#CCCC33 ,na,na
GCA_010722315.1,ncbi_cluster,17,#CC99FF,na,na
GCA_011745645.1,refseq_completeGenome,296,#F8F8F8,na,na
GCA_012045365.1,refseq_completeGenome,819,#F8F8F8,na,na
GCA_012045505.1,refseq_completeGenome,819,#F8F8F8,na,na
GCA_012932975.2,refseq_completeGenome,80,#FFCC99,na,na
GCA_012932985.2,refseq_completeGenome,80,#FFCC99,na,na
GCA_012933055.2,ncbi_cluster_refseq_completeGenome,80,#FFCC99,na,na
GCA_012933075.2,ncbi_cluster_refseq_completeGenome,80,#FFCC99,na,na
GCA_012933145.1,ncbi_cluster,80,#FFCC99,na,na
GCA_012933165.2,refseq_completeGenome,80,#FFCC99,na,na
GCA_012933195.2,refseq_completeGenome,80,#FFCC99,na,na
GCA_012933245.2,refseq_completeGenome,80,#FFCC99,na,na
GCA_012933265.2,refseq_completeGenome,80,#FFCC99,na,na
GCA_012933285.2,refseq_completeGenome,80,#FFCC99,na,na
GCA_012933295.2,refseq_completeGenome,80,#FFCC99,na,na
GCA_012933345.2,ncbi_cluster_refseq_completeGenome,80,#FFCC99,na,na
GCA_013201055.1,refseq_completeGenome,296,#F8F8F8,na,na
GCA_013322655.1,ncbi_cluster,NF,#F8F8F8,na,na
GCA_013323435.1,ncbi_cluster,1032,#F8F8F8,na,na
GCA_013323775.1,ncbi_cluster,80,#FFCC99,na,na
GCA_013325695.1,ncbi_cluster,1478,#F8F8F8,na,na
GCA_013326905.1,ncbi_cluster,1532,#F8F8F8,na,na
GCA_014325645.1,ncbi_cluster,80,#FFCC99,na,na
GCA_014325665.1,ncbi_cluster,NF,#F8F8F8,na,na
GCA_014325735.1,ncbi_cluster,80,#FFCC99,na,na
GCA_014325785.1,ncbi_cluster,80,#FFCC99,na,na
GCA_014326145.1,ncbi_cluster,80,#FFCC99,na,na
GCA_014326285.1,ncbi_cluster,117,#F8F8F8,na,na
GCA_014490015.1,refseq_completeGenome,203,#99CCCC,na,na
GCA_014852885.1,ncbi_cluster,258,#F8F8F8,na,na
GCA_014874615.1,refseq_completeGenome,80,#FFCC99,na,na
GCA_015325925.1,refseq_completeGenome,203,#99CCCC,na,na
GCA_015340185.1,ncbi_cluster,117,#F8F8F8,na,na
GCA_015340345.1,ncbi_cluster,80,#FFCC99,na,na
GCA_015340465.1,ncbi_cluster,117,#F8F8F8,na,na
GCA_015340505.1,ncbi_cluster,262,#F8F8F8,na,na
GCA_015340685.1,ncbi_cluster,18,#F8F8F8,na,na
GCA_015341025.1,ncbi_cluster,117,#F8F8F8,na,na
GCA_015341145.1,ncbi_cluster,17,#CC99FF,na,na
GCA_015343785.1,ncbi_cluster,203,#99CCCC,na,na
GCA_015343955.1,ncbi_cluster,412,#F8F8F8,na,na
GCA_015344085.1,ncbi_cluster,412,#F8F8F8,na,na
GCA_015344155.1,ncbi_cluster,18,#F8F8F8,na,na
GCA_015344265.1,ncbi_cluster,18,#F8F8F8,na,na
GCA_015344305.1,ncbi_cluster,17,#CC99FF,na,na
GCA_015344465.1,ncbi_cluster,412,#F8F8F8,na,na
GCA_015344665.1,ncbi_cluster,412,#F8F8F8,na,na
GCA_015344965.1,ncbi_cluster,412,#F8F8F8,na,na
GCA_015345005.1,ncbi_cluster,412,#F8F8F8,na,na
GCA_015345025.1,ncbi_cluster,203,#99CCCC,na,na
GCA_015345485.1,ncbi_cluster,203,#99CCCC,na,na
GCA_015348365.1,ncbi_cluster,80,#FFCC99,na,na
GCA_015348805.1,ncbi_cluster,341,#F8F8F8,na,na
GCA_015349365.1,ncbi_cluster,17,#CC99FF,na,na
GCA_015349405.1,ncbi_cluster,17,#CC99FF,na,na
GCA_015356225.1,ncbi_cluster,80,#FFCC99,na,na
GCA_015357195.1,ncbi_cluster,555,#B2258F,na,na
GCA_015358295.1,ncbi_cluster,80,#FFCC99,na,na
GCA_015358455.1,ncbi_cluster,18,#F8F8F8,na,na
GCA_015359575.1,ncbi_cluster,78,#CCCC33 ,na,na
GCA_015360295.1,ncbi_cluster,NF,#F8F8F8,na,na
GCA_015360515.1,ncbi_cluster,78,#CCCC33 ,na,na
GCA_015361255.1,ncbi_cluster,17,#CC99FF,na,na
GCA_015362445.1,ncbi_cluster,203,#99CCCC,na,na
GCA_015362775.1,ncbi_cluster,17,#CC99FF,na,na
GCA_015362835.1,ncbi_cluster,117,#F8F8F8,na,na
GCA_015363075.1,ncbi_cluster,117,#F8F8F8,na,na
GCA_015363155.1,ncbi_cluster,117,#F8F8F8,na,na
GCA_015363195.1,ncbi_cluster,192,#F8F8F8,na,na
GCA_015363215.1,ncbi_cluster,80,#FFCC99,na,na
GCA_015363295.1,ncbi_cluster,117,#F8F8F8,na,na
GCA_015363495.1,ncbi_cluster,117,#F8F8F8,na,na
GCA_015363805.1,ncbi_cluster,117,#F8F8F8,na,na
GCA_015363865.1,ncbi_cluster,192,#F8F8F8,na,na
GCA_015363985.1,ncbi_cluster,18,#F8F8F8,na,na
GCA_015364305.1,ncbi_cluster,192,#F8F8F8,na,na
GCA_015364445.1,ncbi_cluster,80,#FFCC99,na,na
GCA_015364555.1,ncbi_cluster,80,#FFCC99,na,na
GCA_015364585.1,ncbi_cluster,NF,#F8F8F8,na,na
GCA_015364625.1,ncbi_cluster,78,#CCCC33 ,na,na
GCA_015364905.1,ncbi_cluster,117,#F8F8F8,na,na
GCA_015365525.1,ncbi_cluster,564,#F8F8F8,na,na
GCA_015365705.1,ncbi_cluster,78,#CCCC33 ,na,na
GCA_015365985.1,ncbi_cluster,796,#F8F8F8,na,na
GCA_015366055.1,ncbi_cluster,80,#FFCC99,na,na
GCA_015366105.1,ncbi_cluster,80,#FFCC99,na,na
GCA_015367065.1,ncbi_cluster,203,#99CCCC,na,na
GCA_015368205.1,ncbi_cluster,203,#99CCCC,na,na
GCA_015368805.1,ncbi_cluster,262,#F8F8F8,na,na
GCA_015369145.1,ncbi_cluster,80,#FFCC99,na,na
GCA_015369565.1,ncbi_cluster,117,#F8F8F8,na,na
GCA_015370085.1,ncbi_cluster,17,#CC99FF,na,na
GCA_015370525.1,ncbi_cluster,555,#B2258F,na,na
GCA_015370865.1,ncbi_cluster,203,#99CCCC,na,na
GCA_015371065.1,ncbi_cluster,192,#F8F8F8,na,na
GCA_015372925.1,ncbi_cluster,266,#F8F8F8,na,na
GCA_015377765.1,refseq_completeGenome,812,#F8F8F8,na,na
GCA_015380755.1,ncbi_cluster,78,#CCCC33 ,na,na
GCA_015381405.1,ncbi_cluster,117,#F8F8F8,na,na
GCA_015382085.1,ncbi_cluster,80,#FFCC99,na,na
GCA_015382885.1,ncbi_cluster,555,#B2258F,na,na
GCA_015384105.1,ncbi_cluster,117,#F8F8F8,na,na
GCA_015385005.1,ncbi_cluster,17,#CC99FF,na,na
GCA_015386625.1,ncbi_cluster,1545,#F8F8F8,na,na
GCA_015386945.1,ncbi_cluster,17,#CC99FF,na,na
GCA_015387325.1,ncbi_cluster,18,#F8F8F8,na,na
GCA_015387345.1,ncbi_cluster,17,#CC99FF,na,na
GCA_015390825.1,ncbi_cluster,17,#CC99FF,na,na
GCA_015390885.1,ncbi_cluster,555,#B2258F,na,na
GCA_015391195.1,ncbi_cluster,262,#F8F8F8,na,na
GCA_015394205.1,ncbi_cluster,17,#CC99FF,na,na
GCA_015394465.1,ncbi_cluster,18,#F8F8F8,na,na
GCA_015395485.1,ncbi_cluster,736,#F8F8F8,na,na
GCA_015396065.1,ncbi_cluster,736,#F8F8F8,na,na
GCA_015396545.1,ncbi_cluster,NF,#F8F8F8,na,na
GCA_015396665.1,ncbi_cluster,412,#F8F8F8,na,na
GCA_015396925.1,ncbi_cluster,17,#CC99FF,na,na
GCA_015397105.1,ncbi_cluster,18,#F8F8F8,na,na
GCA_015397665.1,ncbi_cluster,412,#F8F8F8,na,na
GCA_015398455.1,ncbi_cluster,412,#F8F8F8,na,na
GCA_015398585.1,ncbi_cluster,412,#F8F8F8,na,na
GCA_015398905.1,ncbi_cluster,17,#CC99FF,na,na
GCA_015398985.1,ncbi_cluster,18,#F8F8F8,na,na
GCA_015399005.1,ncbi_cluster,17,#CC99FF,na,na
GCA_015399045.1,ncbi_cluster,282,#F8F8F8,na,na
GCA_015399125.1,ncbi_cluster,17,#CC99FF,na,na
GCA_015399505.1,ncbi_cluster,896,#F8F8F8,na,na
GCA_015399665.1,ncbi_cluster,18,#F8F8F8,na,na
GCA_015399725.1,ncbi_cluster,448,#F8F8F8,na,na
GCA_015400025.1,ncbi_cluster,584,#F8F8F8,na,na
GCA_015400225.1,ncbi_cluster,17,#CC99FF,na,na
GCA_015400425.1,ncbi_cluster,80,#FFCC99,na,na
GCA_015400525.1,ncbi_cluster,280,#F8F8F8,na,na
GCA_015401325.1,ncbi_cluster,17,#CC99FF,na,na
GCA_015402205.1,ncbi_cluster,80,#FFCC99,na,na
GCA_015402305.1,ncbi_cluster,252,#F8F8F8,na,na
GCA_015402365.1,ncbi_cluster,80,#FFCC99,na,na
GCA_015402465.1,ncbi_cluster,252,#F8F8F8,na,na
GCA_015402625.1,ncbi_cluster,203,#99CCCC,na,na
GCA_015402665.1,ncbi_cluster,80,#FFCC99,na,na
GCA_015402745.1,ncbi_cluster,412,#F8F8F8,na,na
GCA_015402885.1,ncbi_cluster,17,#CC99FF,na,na
GCA_015402905.1,ncbi_cluster,17,#CC99FF,na,na
GCA_015402945.1,ncbi_cluster,17,#CC99FF,na,na
GCA_015403685.1,ncbi_cluster,736,#F8F8F8,na,na
GCA_015403985.1,ncbi_cluster,18,#F8F8F8,na,na
GCA_015404185.1,ncbi_cluster,17,#CC99FF,na,na
GCA_015404745.1,ncbi_cluster,18,#F8F8F8,na,na
GCA_015404865.1,ncbi_cluster,18,#F8F8F8,na,na
GCA_015404985.1,ncbi_cluster,18,#F8F8F8,na,na
GCA_015405265.1,ncbi_cluster,17,#CC99FF,na,na
GCA_015405625.1,ncbi_cluster,203,#99CCCC,na,na
GCA_015405685.1,ncbi_cluster,203,#99CCCC,na,na
GCA_015406765.1,ncbi_cluster,80,#FFCC99,na,na
GCA_015406825.1,ncbi_cluster,796,#F8F8F8,na,na
GCA_015407845.1,ncbi_cluster,132,#F8F8F8,na,na
GCA_015407865.1,ncbi_cluster,16,#F8F8F8,na,na
GCA_015407945.1,ncbi_cluster,202,#F8F8F8,na,na
GCA_015408165.1,ncbi_cluster,17,#CC99FF,na,na
GCA_015408405.1,ncbi_cluster,796,#F8F8F8,na,na
GCA_015408445.1,ncbi_cluster,78,#CCCC33 ,na,na
GCA_015409265.1,ncbi_cluster,203,#99CCCC,na,na
GCA_015411025.1,ncbi_cluster,78,#CCCC33 ,na,na
GCA_015411325.1,ncbi_cluster,80,#FFCC99,na,na
GCA_015412485.1,ncbi_cluster,796,#F8F8F8,na,na
GCA_015414445.1,ncbi_cluster,NF,#F8F8F8,na,na
GCA_015415145.1,ncbi_cluster,80,#FFCC99,na,na
GCA_015415405.1,ncbi_cluster,260,#F8F8F8,na,na
GCA_015415505.1,ncbi_cluster,17,#CC99FF,na,na
GCA_015415785.1,ncbi_cluster,16,#F8F8F8,na,na
GCA_015416445.1,ncbi_cluster,280,#F8F8F8,na,na
GCA_015416475.1,ncbi_cluster,64,#F8F8F8,na,na
GCA_015416565.1,ncbi_cluster,203,#99CCCC,na,na
GCA_015416585.1,ncbi_cluster,78,#CCCC33 ,na,na
GCA_015416905.1,ncbi_cluster,16,#F8F8F8,na,na
GCA_015417145.1,ncbi_cluster,203,#99CCCC,na,na
GCA_015417225.1,ncbi_cluster,252,#F8F8F8,na,na
GCA_015417485.1,ncbi_cluster,1005,#F8F8F8,na,na
GCA_015417545.1,ncbi_cluster,80,#FFCC99,na,na
GCA_015418285.1,ncbi_cluster,796,#F8F8F8,na,na
GCA_015418465.1,ncbi_cluster,17,#CC99FF,na,na
GCA_015419025.1,ncbi_cluster,117,#F8F8F8,na,na
GCA_015419085.1,ncbi_cluster,1421,#66CC99,na,na
GCA_015419305.1,ncbi_cluster,1421,#66CC99,na,na
GCA_015420385.1,ncbi_cluster,296,#F8F8F8,na,na
GCA_015420585.1,ncbi_cluster,80,#FFCC99,na,na
GCA_015420605.1,ncbi_cluster,192,#F8F8F8,na,na
GCA_015420665.1,ncbi_cluster,38,#F8F8F8,na,na
GCA_015420785.1,ncbi_cluster,19,#F8F8F8,na,na
GCA_015420895.1,ncbi_cluster,266,#F8F8F8,na,na
GCA_015421105.1,ncbi_cluster,80,#FFCC99,na,na
GCA_015421445.1,ncbi_cluster,796,#F8F8F8,na,na
GCA_015421565.1,ncbi_cluster,80,#FFCC99,na,na
GCA_015422345.1,ncbi_cluster,18,#F8F8F8,na,na
GCA_015422485.1,ncbi_cluster,230,#F8F8F8,na,na
GCA_015422905.1,ncbi_cluster,18,#F8F8F8,na,na
GCA_015423005.1,ncbi_cluster,1478,#F8F8F8,na,na
GCA_015423075.1,ncbi_cluster,612,#F8F8F8,na,na
GCA_015423185.1,ncbi_cluster,266,#F8F8F8,na,na
GCA_015423325.1,ncbi_cluster,1202,#F8F8F8,na,na
GCA_015423485.1,ncbi_cluster,401,#F8F8F8,na,na
GCA_015423545.1,ncbi_cluster,17,#CC99FF,na,na
GCA_015423805.1,ncbi_cluster,80,#FFCC99,na,na
GCA_015423965.1,ncbi_cluster,17,#CC99FF,na,na
GCA_015424265.1,ncbi_cluster,117,#F8F8F8,na,na
GCA_015424285.1,ncbi_cluster,80,#FFCC99,na,na
GCA_015424465.1,ncbi_cluster,780,#F8F8F8,na,na
GCA_015424565.1,ncbi_cluster,787,#F8F8F8,na,na
GCA_015424875.1,ncbi_cluster,1263,#F8F8F8,na,na
GCA_015424965.1,ncbi_cluster,80,#FFCC99,na,na
GCA_015425365.1,ncbi_cluster,266,#F8F8F8,na,na
GCA_015425705.1,ncbi_cluster,80,#FFCC99,na,na
GCA_015425725.1,ncbi_cluster,80,#FFCC99,na,na
GCA_015426095.1,ncbi_cluster,787,#F8F8F8,na,na
GCA_015426945.1,ncbi_cluster,761,#F8F8F8,na,na
GCA_015427165.1,ncbi_cluster,80,#FFCC99,na,na
GCA_015427285.1,ncbi_cluster,18,#F8F8F8,na,na
GCA_015427605.1,ncbi_cluster,375,#F8F8F8,na,na
GCA_015427885.1,ncbi_cluster,64,#F8F8F8,na,na
GCA_015427985.1,ncbi_cluster,132,#F8F8F8,na,na
GCA_015428125.1,ncbi_cluster,80,#FFCC99,na,na
GCA_015428165.1,ncbi_cluster,202,#F8F8F8,na,na
GCA_015428245.1,ncbi_cluster,17,#CC99FF,na,na
GCA_015428485.1,ncbi_cluster,80,#FFCC99,na,na
GCA_015428565.1,ncbi_cluster,412,#F8F8F8,na,na
GCA_015428625.1,ncbi_cluster,290,#F8F8F8,na,na
GCA_015428805.1,ncbi_cluster,80,#FFCC99,na,na
GCA_015429325.1,ncbi_cluster,78,#CCCC33 ,na,na
GCA_015429405.1,ncbi_cluster,412,#F8F8F8,na,na
GCA_015429845.1,ncbi_cluster,18,#F8F8F8,na,na
GCA_015430075.1,ncbi_cluster,18,#F8F8F8,na,na
GCA_015430265.1,ncbi_cluster,17,#CC99FF,na,na
GCA_015430585.1,ncbi_cluster,117,#F8F8F8,na,na
GCA_015430905.1,ncbi_cluster,192,#F8F8F8,na,na
GCA_015431045.1,ncbi_cluster,412,#F8F8F8,na,na
GCA_015431605.1,ncbi_cluster,412,#F8F8F8,na,na
GCA_015431705.1,ncbi_cluster,17,#CC99FF,na,na
GCA_015432205.1,ncbi_cluster,80,#FFCC99,na,na
GCA_015432225.1,ncbi_cluster,280,#F8F8F8,na,na
GCA_015432365.1,ncbi_cluster,203,#99CCCC,na,na
GCA_015432485.1,ncbi_cluster,203,#99CCCC,na,na
GCA_015432645.1,ncbi_cluster,192,#F8F8F8,na,na
GCA_015432785.1,ncbi_cluster,78,#CCCC33 ,na,na
GCA_015433005.1,ncbi_cluster,78,#CCCC33 ,na,na
GCA_015433545.1,ncbi_cluster,78,#CCCC33 ,na,na
GCA_015433765.1,ncbi_cluster,203,#99CCCC,na,na
GCA_015433905.1,ncbi_cluster,132,#F8F8F8,na,na
GCA_015434145.1,ncbi_cluster,17,#CC99FF,na,na
GCA_015434185.1,ncbi_cluster,18,#F8F8F8,na,na
GCA_015434385.1,ncbi_cluster,132,#F8F8F8,na,na
GCA_015435045.1,ncbi_cluster,1043,#F8F8F8,na,na
GCA_015435265.1,ncbi_cluster,17,#CC99FF,na,na
GCA_015435305.1,ncbi_cluster,412,#F8F8F8,na,na
GCA_015435585.1,ncbi_cluster,80,#FFCC99,na,na
GCA_015435645.1,ncbi_cluster,192,#F8F8F8,na,na
GCA_015435705.1,ncbi_cluster,18,#F8F8F8,na,na
GCA_015436265.1,ncbi_cluster,18,#F8F8F8,na,na
GCA_015436405.1,ncbi_cluster,132,#F8F8F8,na,na
GCA_015436445.1,ncbi_cluster,18,#F8F8F8,na,na
GCA_015436665.1,ncbi_cluster,412,#F8F8F8,na,na
GCA_015436845.1,ncbi_cluster,412,#F8F8F8,na,na
GCA_015437165.1,ncbi_cluster,18,#F8F8F8,na,na
GCA_015437785.1,ncbi_cluster,546,#F8F8F8,na,na
GCA_015437945.1,ncbi_cluster,132,#F8F8F8,na,na
GCA_015438165.1,ncbi_cluster,18,#F8F8F8,na,na
GCA_015438625.1,ncbi_cluster,203,#99CCCC,na,na
GCA_015441925.1,ncbi_cluster,78,#CCCC33 ,na,na
GCA_015445105.1,ncbi_cluster,17,#CC99FF,na,na
GCA_015446705.1,ncbi_cluster,18,#F8F8F8,na,na
GCA_015446825.1,ncbi_cluster,202,#F8F8F8,na,na
GCA_015446925.1,ncbi_cluster,412,#F8F8F8,na,na
GCA_015447105.1,ncbi_cluster,17,#CC99FF,na,na
GCA_015447145.1,ncbi_cluster,17,#CC99FF,na,na
GCA_015447365.1,ncbi_cluster,132,#F8F8F8,na,na
GCA_015447385.1,ncbi_cluster,18,#F8F8F8,na,na
GCA_015447505.1,ncbi_cluster,203,#99CCCC,na,na
GCA_015447555.1,ncbi_cluster,17,#CC99FF,na,na
GCA_015447625.1,ncbi_cluster,412,#F8F8F8,na,na
GCA_015447645.1,ncbi_cluster,132,#F8F8F8,na,na
GCA_015448005.1,ncbi_cluster,412,#F8F8F8,na,na
GCA_015448705.1,ncbi_cluster,203,#99CCCC,na,na
GCA_015448925.1,ncbi_cluster,18,#F8F8F8,na,na
GCA_015448985.1,ncbi_cluster,431,#F8F8F8,na,na
GCA_015449145.1,ncbi_cluster,18,#F8F8F8,na,na
GCA_015449225.1,ncbi_cluster,17,#CC99FF,na,na
GCA_015449325.1,ncbi_cluster,18,#F8F8F8,na,na
GCA_015449745.1,ncbi_cluster,64,#F8F8F8,na,na
GCA_015449885.1,ncbi_cluster,17,#CC99FF,na,na
GCA_015450005.1,ncbi_cluster,665,#F8F8F8,na,na
GCA_015450145.1,ncbi_cluster,202,#F8F8F8,na,na
GCA_015450225.1,ncbi_cluster,186,#F8F8F8,na,na
GCA_015450265.1,ncbi_cluster,17,#CC99FF,na,na
GCA_015450285.1,ncbi_cluster,412,#F8F8F8,na,na
GCA_015450345.1,ncbi_cluster,17,#CC99FF,na,na
GCA_015450515.1,ncbi_cluster,16,#F8F8F8,na,na
GCA_015450685.1,ncbi_cluster,1477,#F8F8F8,na,na
GCA_015451065.1,ncbi_cluster,18,#F8F8F8,na,na
GCA_015451145.1,ncbi_cluster,18,#F8F8F8,na,na
GCA_015451385.1,ncbi_cluster,18,#F8F8F8,na,na
GCA_015451445.1,ncbi_cluster,18,#F8F8F8,na,na
GCA_015451585.1,ncbi_cluster,17,#CC99FF,na,na
GCA_015451885.1,ncbi_cluster,412,#F8F8F8,na,na
GCA_015454585.1,ncbi_cluster,80,#FFCC99,na,na
GCA_015454805.1,ncbi_cluster,17,#CC99FF,na,na
GCA_015456305.1,ncbi_cluster,80,#FFCC99,na,na
GCA_015456505.1,ncbi_cluster,117,#F8F8F8,na,na
GCA_015457725.1,ncbi_cluster,17,#CC99FF,na,na
GCA_015458905.1,ncbi_cluster,80,#FFCC99,na,na
GCA_015459285.1,ncbi_cluster,664,#F8F8F8,na,na
GCA_015460805.1,ncbi_cluster,80,#FFCC99,na,na
GCA_015464605.1,ncbi_cluster,80,#FFCC99,na,na
GCA_015464775.1,ncbi_cluster,117,#F8F8F8,na,na
GCA_015465025.1,ncbi_cluster,117,#F8F8F8,na,na
GCA_015465125.1,ncbi_cluster,80,#FFCC99,na,na
GCA_015465595.1,ncbi_cluster,78,#CCCC33 ,na,na
GCA_015465965.1,ncbi_cluster,203,#99CCCC,na,na
GCA_015466105.1,ncbi_cluster,117,#F8F8F8,na,na
GCA_015466725.1,ncbi_cluster,80,#FFCC99,na,na
GCA_015467025.1,ncbi_cluster,78,#CCCC33 ,na,na
GCA_015468425.1,ncbi_cluster,192,#F8F8F8,na,na
GCA_015469465.1,ncbi_cluster,117,#F8F8F8,na,na
GCA_015472385.1,ncbi_cluster,117,#F8F8F8,na,na
GCA_015472405.1,ncbi_cluster,17,#CC99FF,na,na
GCA_015472625.1,ncbi_cluster,78,#CCCC33 ,na,na
GCA_015473035.1,ncbi_cluster,117,#F8F8F8,na,na
GCA_015474905.1,ncbi_cluster,203,#99CCCC,na,na
GCA_015476295.1,refseq_completeGenome,80,#FFCC99,na,na
GCA_015495075.1,ncbi_cluster,80,#FFCC99,na,na
GCA_015495095.1,ncbi_cluster,262,#F8F8F8,na,na
GCA_015495415.1,ncbi_cluster,639,#F8F8F8,na,na
GCA_015495475.1,ncbi_cluster,128,#F8F8F8,na,na
GCA_015495675.1,ncbi_cluster,22,#F8F8F8,na,na
GCA_015495695.1,ncbi_cluster,1228,#F8F8F8,na,na
GCA_015495715.1,ncbi_cluster,17,#CC99FF,na,na
GCA_015495795.1,ncbi_cluster,18,#F8F8F8,na,na
GCA_015496035.1,ncbi_cluster,324,#F8F8F8,na,na
GCA_015496095.1,ncbi_cluster,56,#F8F8F8,na,na
GCA_015496355.1,ncbi_cluster,1231,#F8F8F8,na,na
GCA_015496435.1,ncbi_cluster,17,#CC99FF,na,na
GCA_015496595.1,ncbi_cluster,402,#F8F8F8,na,na
GCA_015496685.1,ncbi_cluster,414,#F8F8F8,na,na
GCA_015497355.1,ncbi_cluster,203,#99CCCC,na,na
GCA_015497395.1,ncbi_cluster,17,#CC99FF,na,na
GCA_015497475.1,ncbi_cluster,17,#CC99FF,na,na
GCA_015497635.1,ncbi_cluster,413,#F8F8F8,na,na
GCA_015497655.1,ncbi_cluster,168,#F8F8F8,na,na
GCA_015497715.1,ncbi_cluster,19,#F8F8F8,na,na
GCA_015498215.1,ncbi_cluster,168,#F8F8F8,na,na
GCA_015498495.1,ncbi_cluster,80,#FFCC99,na,na
GCA_015498725.1,ncbi_cluster,78,#CCCC33 ,na,na
GCA_015498795.1,ncbi_cluster,17,#CC99FF,na,na
GCA_015498895.1,ncbi_cluster,78,#CCCC33 ,na,na
GCA_015499055.1,ncbi_cluster,789,#F8F8F8,na,na
GCA_015500835.1,ncbi_cluster,18,#F8F8F8,na,na
GCA_015503865.1,ncbi_cluster,1137,#F8F8F8,na,na
GCA_015504445.1,ncbi_cluster,21,#F8F8F8,na,na
GCA_015538405.1,ncbi_cluster,963,#F8F8F8,na,na
GCA_015538435.1,ncbi_cluster,963,#F8F8F8,na,na
GCA_015538755.1,ncbi_cluster,412,#F8F8F8,na,na
GCA_015538945.1,ncbi_cluster,412,#F8F8F8,na,na
GCA_015705815.1,ncbi_cluster,17,#CC99FF,na,na
GCA_015705945.1,ncbi_cluster,18,#F8F8F8,na,na
GCA_015706225.1,ncbi_cluster,80,#FFCC99,na,na
GCA_015767695.1,refseq_completeGenome,160,#F8F8F8,na,na
GCA_015768365.1,ncbi_cluster,18,#F8F8F8,na,na
GCA_015768495.1,ncbi_cluster,1471,#F8F8F8,na,na
GCA_015768675.1,ncbi_cluster,412,#F8F8F8,na,na
GCA_015768835.1,ncbi_cluster,17,#CC99FF,na,na
GCA_015768915.1,ncbi_cluster,584,#F8F8F8,na,na
GCA_015769715.1,ncbi_cluster,17,#CC99FF,na,na
GCA_015770215.1,ncbi_cluster,1473,#F8F8F8,na,na
GCA_015770635.1,ncbi_cluster,1426,#F8F8F8,na,na
GCA_015771045.1,ncbi_cluster,17,#CC99FF,na,na
GCA_015771205.1,ncbi_cluster,412,#F8F8F8,na,na
GCA_015771365.1,ncbi_cluster,17,#CC99FF,na,na
GCA_015771635.1,ncbi_cluster,17,#CC99FF,na,na
GCA_015772085.1,ncbi_cluster,18,#F8F8F8,na,na
GCA_015772145.1,ncbi_cluster,17,#CC99FF,na,na
GCA_015772345.1,ncbi_cluster,18,#F8F8F8,na,na
GCA_015772615.1,ncbi_cluster,412,#F8F8F8,na,na
GCA_015772795.1,ncbi_cluster,18,#F8F8F8,na,na
GCA_015772855.1,ncbi_cluster,17,#CC99FF,na,na
GCA_015772935.1,ncbi_cluster,412,#F8F8F8,na,na
GCA_015773355.1,ncbi_cluster,17,#CC99FF,na,na
GCA_015773595.1,ncbi_cluster,17,#CC99FF,na,na
GCA_015773835.1,ncbi_cluster,1471,#F8F8F8,na,na
GCA_015958845.1,ncbi_cluster,NF,#F8F8F8,na,na
GCA_015992745.1,ncbi_cluster,NF,#F8F8F8,na,na
GCA_015992865.1,ncbi_cluster,18,#F8F8F8,na,na
GCA_015993005.1,ncbi_cluster,736,#F8F8F8,na,na
GCA_015993065.1,ncbi_cluster,NF,#F8F8F8,na,na
GCA_015993085.1,ncbi_cluster,664,#F8F8F8,na,na
GCA_015993225.1,ncbi_cluster,1471,#F8F8F8,na,na
GCA_015993385.1,ncbi_cluster,17,#CC99FF,na,na
GCA_015993485.1,ncbi_cluster,17,#CC99FF,na,na
GCA_015993545.1,ncbi_cluster,17,#CC99FF,na,na
GCA_015993685.1,ncbi_cluster,17,#CC99FF,na,na
GCA_015994165.1,ncbi_cluster,17,#CC99FF,na,na
GCA_015994465.1,ncbi_cluster,17,#CC99FF,na,na
GCA_015994645.1,ncbi_cluster,1471,#F8F8F8,na,na
GCA_015994865.1,ncbi_cluster,736,#F8F8F8,na,na
GCA_015994965.1,ncbi_cluster,203,#99CCCC,na,na
GCA_015999405.1,refseq_completeGenome,17,#CC99FF,na,na
GCA_015999425.1,refseq_completeGenome,18,#F8F8F8,na,na
GCA_015999605.1,ncbi_cluster_refseq_completeGenome,17,#CC99FF,na,na
GCA_016126675.1,refseq_completeGenome,18,#F8F8F8,na,na
GCA_016160555.1,ncbi_cluster,17,#CC99FF,na,na
GCA_016171425.1,ncbi_cluster,18,#F8F8F8,na,na
GCA_016189645.1,ncbi_cluster,252,#F8F8F8,na,na
GCA_016391785.1,ncbi_cluster,18,#F8F8F8,na,na
GCA_016391835.1,ncbi_cluster,1471,#F8F8F8,na,na
GCA_016392065.1,ncbi_cluster,18,#F8F8F8,na,na
GCA_016392565.1,ncbi_cluster,17,#CC99FF,na,na
GCA_016393085.1,ncbi_cluster,1471,#F8F8F8,na,na
GCA_016393405.1,ncbi_cluster,80,#FFCC99,na,na
GCA_016393445.1,ncbi_cluster,375,#F8F8F8,na,na
GCA_016393465.1,ncbi_cluster,736,#F8F8F8,na,na
GCA_016393485.1,ncbi_cluster,1478,#F8F8F8,na,na
GCA_016393725.1,ncbi_cluster,17,#CC99FF,na,na
GCA_016394025.1,ncbi_cluster,203,#99CCCC,na,na
GCA_016394505.1,ncbi_cluster,17,#CC99FF,na,na
GCA_016394765.1,ncbi_cluster,17,#CC99FF,na,na
GCA_016395105.1,ncbi_cluster,NF,#F8F8F8,na,na
GCA_016395205.1,ncbi_cluster,17,#CC99FF,na,na
GCA_016395265.1,ncbi_cluster,17,#CC99FF,na,na
GCA_016395825.1,ncbi_cluster,17,#CC99FF,na,na
GCA_016396005.1,ncbi_cluster,17,#CC99FF,na,na
GCA_016396225.1,ncbi_cluster,17,#CC99FF,na,na
GCA_016396425.1,ncbi_cluster,17,#CC99FF,na,na
GCA_016396905.1,ncbi_cluster,772,#F8F8F8,na,na
GCA_016397005.1,ncbi_cluster,80,#FFCC99,na,na
GCA_016397295.1,ncbi_cluster,584,#F8F8F8,na,na
GCA_016397485.1,ncbi_cluster,17,#CC99FF,na,na
GCA_016398385.1,ncbi_cluster,412,#F8F8F8,na,na
GCA_016398425.1,ncbi_cluster,18,#F8F8F8,na,na
GCA_016398505.1,ncbi_cluster,1471,#F8F8F8,na,na
GCA_016398745.1,ncbi_cluster,780,#F8F8F8,na,na
GCA_016399005.1,ncbi_cluster,17,#CC99FF,na,na
GCA_016399085.1,ncbi_cluster,17,#CC99FF,na,na
GCA_016399465.1,ncbi_cluster,584,#F8F8F8,na,na
GCA_016399625.1,ncbi_cluster,203,#99CCCC,na,na
GCA_016399725.1,ncbi_cluster,1471,#F8F8F8,na,na
GCA_016399745.1,ncbi_cluster,664,#F8F8F8,na,na
GCA_016399885.1,ncbi_cluster,80,#FFCC99,na,na
GCA_016399965.1,ncbi_cluster,17,#CC99FF,na,na
GCA_016400045.1,ncbi_cluster,18,#F8F8F8,na,na
GCA_016400465.1,ncbi_cluster,17,#CC99FF,na,na
GCA_016404975.1,ncbi_cluster,NF,#F8F8F8,na,na
GCA_016405005.1,ncbi_cluster,18,#F8F8F8,na,na
GCA_016406345.1,refseq_completeGenome,17,#CC99FF,na,na
GCA_016406365.1,refseq_completeGenome,17,#CC99FF,na,na
GCA_016406385.1,refseq_completeGenome,736,#F8F8F8,na,na
GCA_016406405.1,ncbi_cluster_refseq_completeGenome,18,#F8F8F8,na,na
GCA_016406425.1,refseq_completeGenome,17,#CC99FF,na,na
GCA_016406445.1,refseq_completeGenome,412,#F8F8F8,na,na
GCA_016406465.1,refseq_completeGenome,612,#F8F8F8,na,na
GCA_016406485.1,refseq_completeGenome,80,#FFCC99,na,na
GCA_016406505.1,refseq_completeGenome,664,#F8F8F8,na,na
GCA_016406525.1,refseq_completeGenome,1383,#F8F8F8,na,na
GCA_016406545.1,refseq_completeGenome,17,#CC99FF,na,na
GCA_016406565.1,refseq_completeGenome,17,#CC99FF,na,na
GCA_016406585.1,refseq_completeGenome,17,#CC99FF,na,na
GCA_016406605.1,ncbi_cluster_refseq_completeGenome,664,#F8F8F8,na,na
GCA_016415025.1,refseq_completeGenome,18,#F8F8F8,na,na
GCA_016415105.1,refseq_completeGenome,17,#CC99FF,na,na
GCA_016415285.1,refseq_completeGenome,18,#F8F8F8,na,na
GCA_016415325.1,refseq_completeGenome,17,#CC99FF,na,na
GCA_016415345.1,refseq_completeGenome,-,#F8F8F8,na,na
GCA_016415365.1,refseq_completeGenome,18,#F8F8F8,na,na
GCA_016415385.1,ncbi_cluster_refseq_completeGenome,18,#F8F8F8,na,na
GCA_016415405.1,refseq_completeGenome,18,#F8F8F8,na,na
GCA_016415425.1,refseq_completeGenome,17,#CC99FF,na,na
GCA_016415445.1,refseq_completeGenome,-,#F8F8F8,na,na
GCA_016415465.1,refseq_completeGenome,17,#CC99FF,na,na
GCA_016415485.1,refseq_completeGenome,262,#F8F8F8,na,na
GCA_016415505.1,refseq_completeGenome,664,#F8F8F8,na,na
GCA_016415545.1,ncbi_cluster_refseq_completeGenome,-,#F8F8F8,na,na
GCA_016415565.1,refseq_completeGenome,-,#F8F8F8,na,na
GCA_016455345.1,ncbi_cluster,1383,#F8F8F8,na,na
GCA_016484425.1,ncbi_cluster,736,#F8F8F8,na,na
GCA_016526695.1,ncbi_cluster,17,#CC99FF,na,na
GCA_016526755.1,ncbi_cluster,1471,#F8F8F8,na,na
GCA_016531085.1,ncbi_cluster,736,#F8F8F8,na,na
GCA_016531385.1,ncbi_cluster,18,#F8F8F8,na,na
GCA_016531405.1,ncbi_cluster,17,#CC99FF,na,na
GCA_016531565.1,ncbi_cluster,17,#CC99FF,na,na
GCA_016531925.1,ncbi_cluster,412,#F8F8F8,na,na
GCA_016532135.1,ncbi_cluster,17,#CC99FF,na,na
GCA_016532775.1,ncbi_cluster,1474,#F8F8F8,na,na
GCA_016534025.1,ncbi_cluster,18,#F8F8F8,na,na
GCA_016534065.1,ncbi_cluster,736,#F8F8F8,na,na
GCA_016534195.1,ncbi_cluster,736,#F8F8F8,na,na
GCA_016534205.1,ncbi_cluster,203,#99CCCC,na,na
GCA_016534685.1,ncbi_cluster,412,#F8F8F8,na,na
GCA_016534945.1,ncbi_cluster,1471,#F8F8F8,na,na
GCA_016642485.1,ncbi_cluster,NF,#F8F8F8,na,na
GCA_016642505.1,ncbi_cluster,828,#F8F8F8,na,na
GCA_016649135.1,ncbi_cluster,536,#F8F8F8,na,na
GCA_016743855.1,refseq_completeGenome,868,#F8F8F8,na,na
GCA_016864255.1,refseq_completeGenome,117,#F8F8F8,na,na
GCA_016917925.1,ncbi_cluster,NF,#F8F8F8,na,na
GCA_016978755.1,ncbi_cluster,NF,#F8F8F8,na,na
GCA_016979375.1,ncbi_cluster,17,#CC99FF,na,na
GCA_016980195.1,ncbi_cluster,80,#FFCC99,na,na
GCA_016980515.1,ncbi_cluster,117,#F8F8F8,na,na
GCA_016980735.1,ncbi_cluster,203,#99CCCC,na,na
GCA_016982215.1,ncbi_cluster,192,#F8F8F8,na,na
GCA_017087805.1,ncbi_cluster,80,#FFCC99,na,na
GCA_017088505.1,ncbi_cluster,203,#99CCCC,na,na
GCA_017092705.1,ncbi_cluster,1421,#66CC99,na,na
GCA_017199735.1,ncbi_cluster,117,#F8F8F8,na,na
GCA_017200295.1,ncbi_cluster,262,#F8F8F8,na,na
GCA_017200935.1,ncbi_cluster,117,#F8F8F8,na,na
GCA_017201135.1,ncbi_cluster,117,#F8F8F8,na,na
GCA_017258775.1,ncbi_cluster,203,#99CCCC,na,na
GCA_017258795.1,ncbi_cluster,872,#F8F8F8,na,na
GCA_017258835.1,ncbi_cluster,17,#CC99FF,na,na
GCA_017258875.1,ncbi_cluster,17,#CC99FF,na,na
GCA_017259015.1,ncbi_cluster,22,#F8F8F8,na,na
GCA_017259195.1,ncbi_cluster,203,#99CCCC,na,na
GCA_017259455.1,ncbi_cluster,780,#F8F8F8,na,na
GCA_017259735.1,ncbi_cluster,203,#99CCCC,na,na
GCA_017260155.1,ncbi_cluster,17,#CC99FF,na,na
GCA_017260195.1,ncbi_cluster,203,#99CCCC,na,na
GCA_017260215.1,ncbi_cluster,323,#F8F8F8,na,na
GCA_017260355.1,ncbi_cluster,17,#CC99FF,na,na
GCA_017260475.1,ncbi_cluster,400,#F8F8F8,na,na
GCA_017260485.1,ncbi_cluster,17,#CC99FF,na,na
GCA_017261055.1,ncbi_cluster,132,#F8F8F8,na,na
GCA_017261235.1,ncbi_cluster,78,#CCCC33 ,na,na
GCA_017261295.1,ncbi_cluster,203,#99CCCC,na,na
GCA_017261475.1,ncbi_cluster,78,#CCCC33 ,na,na
GCA_017261675.1,ncbi_cluster,203,#99CCCC,na,na
GCA_017261695.1,ncbi_cluster,78,#CCCC33 ,na,na
GCA_017261955.1,ncbi_cluster,17,#CC99FF,na,na
GCA_017261975.1,ncbi_cluster,389,#F8F8F8,na,na
GCA_017262255.1,ncbi_cluster,22,#F8F8F8,na,na
GCA_017262575.1,ncbi_cluster,17,#CC99FF,na,na
GCA_017262655.1,ncbi_cluster,18,#F8F8F8,na,na
GCA_017262675.1,ncbi_cluster,18,#F8F8F8,na,na
GCA_017262935.1,ncbi_cluster,203,#99CCCC,na,na
GCA_017262955.1,ncbi_cluster,203,#99CCCC,na,na
GCA_017262995.1,ncbi_cluster,412,#F8F8F8,na,na
GCA_017263015.1,ncbi_cluster,50,#F8F8F8,na,na
GCA_017270515.1,ncbi_cluster,17,#CC99FF,na,na
GCA_017360425.1,ncbi_cluster,210,#F8F8F8,na,na
GCA_017360465.1,ncbi_cluster,78,#CCCC33 ,na,na
GCA_017365765.1,ncbi_cluster,27,#F8F8F8,na,na
GCA_017368915.1,ncbi_cluster,80,#FFCC99,na,na
GCA_017584065.1,refseq_completeGenome,796,#F8F8F8,na,na
GCA_017603725.1,refseq_completeGenome,80,#FFCC99,na,na
GCA_017663335.1,ncbi_cluster,80,#FFCC99,na,na
GCA_017664015.1,ncbi_cluster,1421,#66CC99,na,na
GCA_017664355.1,ncbi_cluster,1421,#66CC99,na,na
GCA_017665615.1,ncbi_cluster,80,#FFCC99,na,na
GCA_017696905.1,ncbi_cluster,80,#FFCC99,na,na
GCA_017700315.1,ncbi_cluster,80,#FFCC99,na,na
GCA_017700895.1,ncbi_cluster,203,#99CCCC,na,na
GCA_017701075.1,ncbi_cluster,612,#F8F8F8,na,na
GCA_017701175.1,ncbi_cluster,80,#FFCC99,na,na
GCA_017701395.1,ncbi_cluster,117,#F8F8F8,na,na
GCA_017701495.1,ncbi_cluster,80,#FFCC99,na,na
GCA_017702255.1,ncbi_cluster,80,#FFCC99,na,na
GCA_017705455.1,ncbi_cluster,1421,#66CC99,na,na
GCA_017705495.1,ncbi_cluster,1421,#66CC99,na,na
GCA_017707155.1,ncbi_cluster,787,#F8F8F8,na,na
GCA_017707575.1,ncbi_cluster,1424,#FF9999,na,na
GCA_017707775.1,ncbi_cluster,18,#F8F8F8,na,na
GCA_017709235.1,ncbi_cluster,80,#FFCC99,na,na
GCA_017711435.1,ncbi_cluster,NF,#F8F8F8,na,na
GCA_017711535.1,ncbi_cluster,18,#F8F8F8,na,na
GCA_017815655.1,refseq_completeGenome,80,#FFCC99,na,na
GCA_017815675.1,refseq_completeGenome,80,#FFCC99,na,na
GCA_017815695.1,refseq_completeGenome,80,#FFCC99,na,na
GCA_017897965.1,refseq_completeGenome,80,#FFCC99,na,na
GCA_017898005.1,refseq_completeGenome,80,#FFCC99,na,na
GCA_017898025.1,refseq_completeGenome,80,#FFCC99,na,na
GCA_017966505.1,ncbi_cluster,375,#F8F8F8,na,na
GCA_018025675.1,ncbi_cluster,262,#F8F8F8,na,na
GCA_018085645.1,ncbi_cluster,203,#99CCCC,na,na
GCA_018086565.1,ncbi_cluster,202,#F8F8F8,na,na
GCA_018086585.1,ncbi_cluster,64,#F8F8F8,na,na
GCA_018086725.1,ncbi_cluster,117,#F8F8F8,na,na
GCA_018087385.1,ncbi_cluster,780,#F8F8F8,na,na
GCA_018148435.1,ncbi_cluster,80,#FFCC99,na,na
GCA_018148535.1,ncbi_cluster,17,#CC99FF,na,na
GCA_018167615.1,ncbi_cluster,80,#FFCC99,na,na
GCA_018219285.1,refseq_completeGenome,59,#F8F8F8,na,na
GCA_018219325.1,refseq_completeGenome,18,#F8F8F8,na,na
GCA_018279145.1,refseq_completeGenome,32,#F8F8F8,na,na
GCA_018516845.1,refseq_completeGenome,1676,#F8F8F8,na,na
GCA_018516925.1,ncbi_cluster_refseq_completeGenome,80,#FFCC99,na,na
GCA_018517045.1,refseq_completeGenome,168,#F8F8F8,na,na
GCA_018517065.1,refseq_completeGenome,324,#F8F8F8,na,na
GCA_018517085.1,refseq_completeGenome,650,#F8F8F8,na,na
GCA_018517105.1,refseq_completeGenome,323,#F8F8F8,na,na
GCA_018517185.1,refseq_completeGenome,1586,#F8F8F8,na,na
GCA_018531525.1,ncbi_cluster,17,#CC99FF,na,na
GCA_018531545.1,ncbi_cluster,80,#FFCC99,na,na
GCA_018584995.1,ncbi_cluster,1623,#F8F8F8,na,na
GCA_018586985.1,ncbi_cluster,1422,#F8F8F8,na,na
GCA_018590105.1,ncbi_cluster,796,#F8F8F8,na,na
GCA_018601615.1,ncbi_cluster,789,#F8F8F8,na,na
GCA_019030945.1,ncbi_cluster,80,#FFCC99,na,na
GCA_019031905.1,ncbi_cluster,117,#F8F8F8,na,na
GCA_019033225.1,ncbi_cluster,761,#F8F8F8,na,na
GCA_019033565.1,ncbi_cluster,80,#FFCC99,na,na
GCA_019033985.1,ncbi_cluster,80,#FFCC99,na,na
GCA_019175425.1,ncbi_cluster_refseq_completeGenome,957,#F8F8F8,na,na
GCA_019175445.1,refseq_completeGenome,-,#F8F8F8,na,na
GCA_019175465.1,refseq_completeGenome,22,#F8F8F8,na,na
GCA_019175525.1,refseq_completeGenome,25,#F8F8F8,na,na
GCA_019308475.1,ncbi_cluster,78,#CCCC33 ,na,na
GCA_019308505.1,ncbi_cluster,262,#F8F8F8,na,na
GCA_019352555.1,ncbi_cluster,78,#CCCC33 ,na,na
GCA_019356355.1,refseq_completeGenome,-,#F8F8F8,na,na
GCA_019378015.1,ncbi_cluster,NF,#F8F8F8,na,na
GCA_019456555.1,refseq_completeGenome,133,#F8F8F8,na,na
GCA_019456575.1,refseq_completeGenome,133,#F8F8F8,na,na
GCA_019456595.1,refseq_completeGenome,133,#F8F8F8,na,na
GCA_019662185.1,ncbi_cluster,NF,#F8F8F8,na,na
GCA_019733915.1,ncbi_cluster,17,#CC99FF,na,na
GCA_019734055.1,ncbi_cluster,78,#CCCC33 ,na,na
GCA_019734135.1,ncbi_cluster,78,#CCCC33 ,na,na
GCA_019758935.1,ncbi_cluster,1478,#F8F8F8,na,na
GCA_019780085.1,ncbi_cluster,NF,#F8F8F8,na,na
GCA_019780125.1,ncbi_cluster,203,#99CCCC,na,na
GCA_019780165.1,ncbi_cluster,192,#F8F8F8,na,na
GCA_019780465.1,ncbi_cluster,343,#F8F8F8,na,na
GCA_019841795.1,ncbi_cluster,17,#CC99FF,na,na
GCA_019880145.1,ncbi_cluster,1486,#F8F8F8,na,na
GCA_019973595.1,ncbi_cluster,203,#99CCCC,na,na
GCA_019977495.1,ncbi_cluster_refseq_completeGenome,-,#F8F8F8,na,na
GCA_019977575.1,refseq_completeGenome,17,#CC99FF,na,na
GCA_020091325.1,refseq_completeGenome,17,#CC99FF,na,na
GCA_020125355.1,ncbi_cluster,173,#F8F8F8,na,na
GCA_020125435.1,ncbi_cluster,17,#CC99FF,na,na
GCA_020125465.1,ncbi_cluster,132,#F8F8F8,na,na
GCA_020162155.1,refseq_completeGenome,18,#F8F8F8,na,na
GCA_020162175.1,refseq_completeGenome,18,#F8F8F8,na,na
GCA_020163115.1,ncbi_cluster,844,#F8F8F8,na,na
GCA_020163215.1,ncbi_cluster,412,#F8F8F8,na,na
GCA_020163355.1,ncbi_cluster,192,#F8F8F8,na,na
GCA_020163395.1,ncbi_cluster,78,#CCCC33 ,na,na
GCA_020221735.1,refseq_completeGenome,18,#F8F8F8,na,na
GCA_020405855.1,ncbi_cluster,80,#FFCC99,na,na
GCA_020522945.1,ncbi_cluster,78,#CCCC33 ,na,na
GCA_020736585.1,refseq_completeGenome,976,#F8F8F8,na,na
GCA_020736625.1,ncbi_cluster_refseq_completeGenome,976,#F8F8F8,na,na
GCA_020739405.1,ncbi_cluster,412,#F8F8F8,na,na
GCA_020739445.1,ncbi_cluster,772,#F8F8F8,na,na
GCA_020744955.1,ncbi_cluster,412,#F8F8F8,na,na
GCA_020745015.1,ncbi_cluster,18,#F8F8F8,na,na
GCA_020745035.1,ncbi_cluster,1579,#F8F8F8,na,na
GCA_020745115.1,ncbi_cluster,18,#F8F8F8,na,na
GCA_020745275.1,ncbi_cluster,117,#F8F8F8,na,na
GCA_020745315.1,ncbi_cluster,80,#FFCC99,na,na
GCA_020745335.1,ncbi_cluster,736,#F8F8F8,na,na
GCA_020745495.1,ncbi_cluster,736,#F8F8F8,na,na
GCA_020745995.1,ncbi_cluster,NF,#F8F8F8,na,na
GCA_020746305.1,ncbi_cluster,1579,#F8F8F8,na,na
GCA_020746635.1,ncbi_cluster,17,#CC99FF,na,na
GCA_020746775.1,ncbi_cluster,1032,#F8F8F8,na,na
GCA_020747165.1,ncbi_cluster,1579,#F8F8F8,na,na
GCA_020747185.1,ncbi_cluster,80,#FFCC99,na,na
GCA_020747505.1,ncbi_cluster,412,#F8F8F8,na,na
GCA_020747585.1,ncbi_cluster,412,#F8F8F8,na,na
GCA_020748065.1,ncbi_cluster,412,#F8F8F8,na,na
GCA_020748305.1,ncbi_cluster,NF,#F8F8F8,na,na
GCA_020748525.1,ncbi_cluster,412,#F8F8F8,na,na
GCA_020748605.1,ncbi_cluster,18,#F8F8F8,na,na
GCA_020748805.1,ncbi_cluster,203,#99CCCC,na,na
GCA_020749105.1,ncbi_cluster,17,#CC99FF,na,na
GCA_020749445.1,ncbi_cluster,18,#F8F8F8,na,na
GCA_020749565.1,ncbi_cluster,17,#CC99FF,na,na
GCA_020749925.1,ncbi_cluster,412,#F8F8F8,na,na
GCA_020750085.1,ncbi_cluster,18,#F8F8F8,na,na
GCA_020750225.1,ncbi_cluster,18,#F8F8F8,na,na
GCA_020750805.1,ncbi_cluster,253,#F8F8F8,na,na
GCA_020750895.1,ncbi_cluster,734,#F8F8F8,na,na
GCA_020750955.1,ncbi_cluster,203,#99CCCC,na,na
GCA_020751105.1,ncbi_cluster,18,#F8F8F8,na,na
GCA_020788315.1,ncbi_cluster,1200,#F8F8F8,na,na
GCA_020789855.1,ncbi_cluster,203,#99CCCC,na,na
GCA_020790335.1,ncbi_cluster,80,#FFCC99,na,na
GCA_020791435.1,ncbi_cluster,761,#F8F8F8,na,na
GCA_020791755.1,ncbi_cluster,80,#FFCC99,na,na
GCA_020791915.1,ncbi_cluster,117,#F8F8F8,na,na
GCA_020793335.1,ncbi_cluster,117,#F8F8F8,na,na
GCA_020794635.1,ncbi_cluster,18,#F8F8F8,na,na
GCA_020794755.1,ncbi_cluster,80,#FFCC99,na,na
GCA_020802135.1,ncbi_cluster,18,#F8F8F8,na,na
GCA_020925095.1,ncbi_cluster,17,#CC99FF,na,na
GCA_020925735.1,ncbi_cluster,18,#F8F8F8,na,na
GCA_020925755.1,ncbi_cluster,18,#F8F8F8,na,na
GCA_020925775.1,ncbi_cluster,18,#F8F8F8,na,na
GCA_020927555.1,ncbi_cluster,NF,#F8F8F8,na,na
GCA_020927695.1,ncbi_cluster,18,#F8F8F8,na,na
GCA_020927895.1,ncbi_cluster,736,#F8F8F8,na,na
GCA_020928055.1,ncbi_cluster,18,#F8F8F8,na,na
GCA_020928195.1,ncbi_cluster,736,#F8F8F8,na,na
GCA_020928315.1,ncbi_cluster,736,#F8F8F8,na,na
GCA_020928355.1,ncbi_cluster,412,#F8F8F8,na,na
GCA_020928395.1,ncbi_cluster,736,#F8F8F8,na,na
GCA_020928415.1,ncbi_cluster,736,#F8F8F8,na,na
GCA_020928635.1,ncbi_cluster,412,#F8F8F8,na,na
GCA_020928775.1,ncbi_cluster,1516,#F8F8F8,na,na
GCA_020929335.1,ncbi_cluster,18,#F8F8F8,na,na
GCA_020929455.1,ncbi_cluster,18,#F8F8F8,na,na
GCA_020929635.1,ncbi_cluster,412,#F8F8F8,na,na
GCA_020929695.1,ncbi_cluster,18,#F8F8F8,na,na
GCA_020929875.1,ncbi_cluster,1471,#F8F8F8,na,na
GCA_020931115.1,ncbi_cluster,117,#F8F8F8,na,na
GCA_020931795.1,ncbi_cluster,664,#F8F8F8,na,na
GCA_020931975.1,ncbi_cluster,NF,#F8F8F8,na,na
GCA_020932315.1,ncbi_cluster,NF,#F8F8F8,na,na
GCA_020932405.1,ncbi_cluster,412,#F8F8F8,na,na
GCA_020932825.1,ncbi_cluster,NF,#F8F8F8,na,na
GCA_020933405.1,ncbi_cluster,17,#CC99FF,na,na
GCA_020933565.1,ncbi_cluster,412,#F8F8F8,na,na
GCA_020933585.1,ncbi_cluster,17,#CC99FF,na,na
GCA_020933605.1,ncbi_cluster,18,#F8F8F8,na,na
GCA_020934745.1,ncbi_cluster,1516,#F8F8F8,na,na
GCA_020935725.1,ncbi_cluster,412,#F8F8F8,na,na
GCA_020936245.1,ncbi_cluster,656,#F8F8F8,na,na
GCA_020936405.1,ncbi_cluster,584,#F8F8F8,na,na
GCA_020936605.1,ncbi_cluster,17,#CC99FF,na,na
GCA_020936705.1,ncbi_cluster,412,#F8F8F8,na,na
GCA_020936725.1,ncbi_cluster,NF,#F8F8F8,na,na
GCA_020936745.1,ncbi_cluster,736,#F8F8F8,na,na
GCA_020936905.1,ncbi_cluster,664,#F8F8F8,na,na
GCA_020937845.1,ncbi_cluster,18,#F8F8F8,na,na
GCA_020938065.1,ncbi_cluster,584,#F8F8F8,na,na
GCA_020938105.1,ncbi_cluster,1516,#F8F8F8,na,na
GCA_020938365.1,ncbi_cluster,584,#F8F8F8,na,na
GCA_020938385.1,ncbi_cluster,80,#FFCC99,na,na
GCA_020938545.1,ncbi_cluster,NF,#F8F8F8,na,na
GCA_020938655.1,ncbi_cluster,80,#FFCC99,na,na
GCA_020938745.1,ncbi_cluster,17,#CC99FF,na,na
GCA_020939505.1,ncbi_cluster,80,#FFCC99,na,na
GCA_020939725.1,ncbi_cluster,412,#F8F8F8,na,na
GCA_020939925.1,ncbi_cluster,736,#F8F8F8,na,na
GCA_020940165.1,ncbi_cluster,412,#F8F8F8,na,na
GCA_020940305.1,ncbi_cluster,1516,#F8F8F8,na,na
GCA_020940705.1,ncbi_cluster,18,#F8F8F8,na,na
GCA_020940805.1,ncbi_cluster,17,#CC99FF,na,na
GCA_020941505.1,ncbi_cluster,262,#F8F8F8,na,na
GCA_020941545.1,ncbi_cluster,17,#CC99FF,na,na
GCA_020941645.1,ncbi_cluster,736,#F8F8F8,na,na
GCA_020941705.1,ncbi_cluster,1471,#F8F8F8,na,na
GCA_020941745.1,ncbi_cluster,17,#CC99FF,na,na
GCA_020941985.1,ncbi_cluster,18,#F8F8F8,na,na
GCA_020942125.1,ncbi_cluster,736,#F8F8F8,na,na
GCA_020942345.1,ncbi_cluster,18,#F8F8F8,na,na
GCA_020942585.1,ncbi_cluster,17,#CC99FF,na,na
GCA_020942745.1,ncbi_cluster,584,#F8F8F8,na,na
GCA_020942885.1,ncbi_cluster,117,#F8F8F8,na,na
GCA_020943105.1,ncbi_cluster,117,#F8F8F8,na,na
GCA_021030825.1,ncbi_cluster,203,#99CCCC,na,na
GCA_021030845.1,ncbi_cluster,78,#CCCC33 ,na,na
GCA_021036245.1,ncbi_cluster,17,#CC99FF,na,na
GCA_021039215.1,ncbi_cluster,341,#F8F8F8,na,na
GCA_021039375.1,ncbi_cluster,341,#F8F8F8,na,na
GCA_021039945.1,ncbi_cluster,80,#FFCC99,na,na
GCA_021040185.1,ncbi_cluster,203,#99CCCC,na,na
GCA_021041205.1,ncbi_cluster,796,#F8F8F8,na,na
GCA_021092275.1,ncbi_cluster,761,#F8F8F8,na,na
GCA_021122055.1,ncbi_cluster,22,#F8F8F8,na,na
GCA_021122225.1,ncbi_cluster,104,#F8F8F8,na,na
GCA_021122345.1,ncbi_cluster,18,#F8F8F8,na,na
GCA_021122385.1,ncbi_cluster,324,#F8F8F8,na,na
GCA_021124445.1,ncbi_cluster,1023,#F8F8F8,na,na
GCA_021172105.1,refseq_completeGenome,-,#F8F8F8,na,na
GCA_021228615.1,ncbi_cluster_refseq_completeGenome,584,#F8F8F8,na,na
GCA_021245105.1,ncbi_cluster,78,#CCCC33 ,na,na
GCA_021245245.1,ncbi_cluster,78,#CCCC33 ,na,na
GCA_021311335.1,ncbi_cluster,761,#F8F8F8,na,na
GCA_021311395.1,ncbi_cluster,80,#FFCC99,na,na
GCA_021318315.1,ncbi_cluster,262,#F8F8F8,na,na
GCA_021318635.1,ncbi_cluster,80,#FFCC99,na,na
GCA_021318735.1,ncbi_cluster,789,#F8F8F8,na,na
GCA_021319055.1,ncbi_cluster,80,#FFCC99,na,na
GCA_021319515.1,ncbi_cluster,80,#FFCC99,na,na
GCA_021319875.1,ncbi_cluster,80,#FFCC99,na,na
GCA_021321655.1,ncbi_cluster,789,#F8F8F8,na,na
GCA_021322275.1,ncbi_cluster,80,#FFCC99,na,na
GCA_021326115.1,ncbi_cluster,789,#F8F8F8,na,na
GCA_021326375.1,ncbi_cluster,907,#F8F8F8,na,na
GCA_021326625.1,ncbi_cluster,80,#FFCC99,na,na
GCA_021330335.1,ncbi_cluster,17,#CC99FF,na,na
GCA_021331175.1,ncbi_cluster,117,#F8F8F8,na,na
GCA_021331235.1,ncbi_cluster,280,#F8F8F8,na,na
GCA_021331335.1,ncbi_cluster,80,#FFCC99,na,na
GCA_021331535.1,ncbi_cluster,18,#F8F8F8,na,na
GCA_021331935.1,ncbi_cluster,203,#99CCCC,na,na
GCA_021332155.1,ncbi_cluster,202,#F8F8F8,na,na
GCA_021332395.1,ncbi_cluster,323,#F8F8F8,na,na
GCA_021332655.1,ncbi_cluster,612,#F8F8F8,na,na
GCA_021332995.1,ncbi_cluster,80,#FFCC99,na,na
GCA_021333295.1,ncbi_cluster,80,#FFCC99,na,na
GCA_021333495.1,ncbi_cluster,787,#F8F8F8,na,na
GCA_021333515.1,ncbi_cluster,80,#FFCC99,na,na
GCA_021333575.1,ncbi_cluster,80,#FFCC99,na,na
GCA_021333635.1,ncbi_cluster,203,#99CCCC,na,na
GCA_021333735.1,ncbi_cluster,17,#CC99FF,na,na
GCA_021334035.1,ncbi_cluster,80,#FFCC99,na,na
GCA_021334395.1,ncbi_cluster,80,#FFCC99,na,na
GCA_021334515.1,ncbi_cluster,NF,#F8F8F8,na,na
GCA_021334755.1,ncbi_cluster,414,#F8F8F8,na,na
GCA_021335635.1,ncbi_cluster,1395,#F8F8F8,na,na
GCA_021336015.1,ncbi_cluster,80,#FFCC99,na,na
GCA_021336155.1,ncbi_cluster,203,#99CCCC,na,na
GCA_021336255.1,ncbi_cluster,80,#FFCC99,na,na
GCA_021338435.1,ncbi_cluster,203,#99CCCC,na,na
GCA_021338655.1,ncbi_cluster,80,#FFCC99,na,na
GCA_021339235.1,ncbi_cluster,80,#FFCC99,na,na
GCA_021376255.1,ncbi_cluster,889,#F8F8F8,na,na
GCA_021398505.1,refseq_completeGenome,-,#F8F8F8,na,na
GCA_021418745.1,ncbi_cluster,78,#CCCC33 ,na,na
GCA_021420665.1,ncbi_cluster,203,#99CCCC,na,na
GCA_021420785.1,ncbi_cluster,1336,#F8F8F8,na,na
GCA_021421225.1,ncbi_cluster,17,#CC99FF,na,na
GCA_021427365.1,ncbi_cluster,117,#F8F8F8,na,na
GCA_021427385.1,ncbi_cluster,192,#F8F8F8,na,na
GCA_021427505.1,ncbi_cluster,203,#99CCCC,na,na
GCA_021430245.1,ncbi_cluster,192,#F8F8F8,na,na
GCA_021430285.1,ncbi_cluster,80,#FFCC99,na,na
GCA_021430365.1,ncbi_cluster,117,#F8F8F8,na,na
GCA_021430465.1,ncbi_cluster,80,#FFCC99,na,na
GCA_021466165.1,ncbi_cluster,NF,#F8F8F8,na,na
GCA_021468125.1,ncbi_cluster,18,#F8F8F8,na,na
GCA_021560195.1,refseq_completeGenome,29,#F8F8F8,na,na
GCA_021713095.1,refseq_completeGenome,192,#F8F8F8,na,na
GCA_021899455.1,refseq_completeGenome,80,#FFCC99,na,na
GCA_900044005.1,refseq_completeGenome,17,#CC99FF,na,na
GCA_900066025.1,refseq_completeGenome,54,#F8F8F8,na,na
GCA_900080035.1,ncbi_cluster,17,#CC99FF,na,na
GCA_900080065.1,ncbi_cluster,203,#99CCCC,na,na
GCA_900092475.1,refseq_completeGenome,796,#F8F8F8,na,na
GCA_900148725.1,ncbi_cluster,NF,#F8F8F8,na,na
GCA_900178765.1,ncbi_cluster,78,#CCCC33 ,na,na
GCA_900179215.1,ncbi_cluster,80,#FFCC99,na,na
GCA_900179345.1,ncbi_cluster,262,#F8F8F8,na,na
GCA_900179375.1,ncbi_cluster,80,#FFCC99,na,na
GCA_900179435.1,ncbi_cluster,280,#F8F8F8,na,na
GCA_900179445.1,ncbi_cluster,80,#FFCC99,na,na
GCA_900180105.1,ncbi_cluster,80,#FFCC99,na,na
GCA_900447945.1,ncbi_cluster,71,#F8F8F8,na,na
GCA_900448025.1,ncbi_cluster,18,#F8F8F8,na,na
GCA_900634805.1,refseq_completeGenome,6,#F8F8F8,na,na
GCA_900635365.1,refseq_completeGenome,21,#F8F8F8,na,na
GCA_900635415.1,refseq_completeGenome,17,#CC99FF,na,na
GCA_900637035.1,refseq_completeGenome,1034,#F8F8F8,na,na
GCA_900638765.1,refseq_completeGenome,1141,#F8F8F8,na,na
GCA_900638775.1,refseq_completeGenome,310,#F8F8F8,na,na
GCA_900638785.1,refseq_completeGenome,18,#F8F8F8,na,na
GCA_900638805.1,ncbi_cluster_refseq_completeGenome,78,#CCCC33 ,na,na
GCA_900638815.1,refseq_completeGenome,5,#F8F8F8,na,na
GCA_900638825.1,ncbi_cluster_refseq_completeGenome,398,#F8F8F8,na,na
GCA_900639335.1,refseq_completeGenome,17,#CC99FF,na,na
GCA_900639345.1,ncbi_cluster_refseq_completeGenome,18,#F8F8F8,na,na
GCA_900639355.1,ncbi_cluster_refseq_completeGenome,18,#F8F8F8,na,na
GCA_900639365.1,refseq_completeGenome,18,#F8F8F8,na,na
GCA_900639385.1,ncbi_cluster_refseq_completeGenome,17,#CC99FF,na,na
GCA_900639395.1,refseq_completeGenome,203,#99CCCC,na,na
GCA_900639405.1,refseq_completeGenome,456,#F8F8F8,na,na
GCA_900639415.1,refseq_completeGenome,17,#CC99FF,na,na
GCA_900639425.1,refseq_completeGenome,78,#CCCC33 ,na,na
GCA_900639445.1,refseq_completeGenome,282,#F8F8F8,na,na
GCA_900639455.1,refseq_completeGenome,117,#F8F8F8,na,na
GCA_900639465.1,refseq_completeGenome,117,#F8F8F8,na,na
GCA_900639475.1,ncbi_cluster,17,#CC99FF,na,na
GCA_900639485.1,ncbi_cluster_refseq_completeGenome,412,#F8F8F8,na,na
GCA_900639495.1,refseq_completeGenome,18,#F8F8F8,na,na
GCA_900639505.1,refseq_completeGenome,117,#F8F8F8,na,na
GCA_900639515.1,ncbi_cluster_refseq_completeGenome,192,#F8F8F8,na,na
GCA_900639525.1,refseq_completeGenome,192,#F8F8F8,na,na
GCA_900639535.1,refseq_completeGenome,117,#F8F8F8,na,na
GCA_900639545.1,ncbi_cluster_refseq_completeGenome,117,#F8F8F8,na,na
GCA_900639555.1,refseq_completeGenome,80,#FFCC99,na,na
GCA_900639565.1,refseq_completeGenome,117,#F8F8F8,na,na
GCA_900639575.1,refseq_completeGenome,203,#99CCCC,na,na
GCA_900639585.1,ncbi_cluster_refseq_completeGenome,80,#FFCC99,na,na
GCA_900639595.1,refseq_completeGenome,117,#F8F8F8,na,na
GCA_900639605.1,refseq_completeGenome,117,#F8F8F8,na,na
GCA_900639615.1,refseq_completeGenome,117,#F8F8F8,na,na
GCA_900639625.1,refseq_completeGenome,117,#F8F8F8,na,na
GCA_900639635.1,ncbi_cluster_refseq_completeGenome,598,#F8F8F8,na,na
GCA_900639655.1,ncbi_cluster_refseq_completeGenome,266,#F8F8F8,na,na
GCA_900639705.1,refseq_completeGenome,1147,#F8F8F8,na,na
GCA_900639715.1,ncbi_cluster_refseq_completeGenome,117,#F8F8F8,na,na
GCA_900639725.1,refseq_completeGenome,80,#FFCC99,na,na
GCA_900639745.1,refseq_completeGenome,16,#F8F8F8,na,na
GCA_900640265.1,refseq_completeGenome,310,#F8F8F8,na,na
GCA_900683475.1,refseq_completeGenome,160,#F8F8F8,na,na
GCA_902159235.1,ncbi_cluster,345,#F8F8F8,na,na
GCA_902159325.1,ncbi_cluster,NF,#F8F8F8,na,na
GCA_902159365.1,ncbi_cluster,253,#F8F8F8,na,na
GCA_902160865.1,ncbi_cluster,80,#FFCC99,na,na
GCA_902165445.1,ncbi_cluster,NF,#F8F8F8,na,na
GCA_902165995.1,ncbi_cluster,39,#F8F8F8,na,na
GCA_907163255.1,ncbi_cluster_refseq_completeGenome,203,#99CCCC,na,na
GCA_907163315.1,refseq_completeGenome,-,#F8F8F8,na,na
GCA_907165365.1,refseq_completeGenome,117,#F8F8F8,na,na
GCA_907176135.1,refseq_completeGenome,203,#99CCCC,na,na
GCA_907176815.1,refseq_completeGenome,203,#99CCCC,na,na
GCA_907177285.1,refseq_completeGenome,203,#99CCCC,na,na
M00059,popgen_study,1421,#66CC99,na,1421A
M00060,popgen_study,17,#CC99FF,na,17A
M00061_1,popgen_study,80,#FFCC99,na,80A
M00062,popgen_study,17,#CC99FF,na,17A
M00064,popgen_study,80,#FFCC99,na,na
M00065,st78_study,78,#CCCC33 ,na,nonMajor
M00066,st78_study,78,#CCCC33 ,2C,78A
M00067,popgen_study,80,#FFCC99,na,80B
M00362,st78_study,78,#CCCC33 ,2B,78A
M00363,st78_study,78,#CCCC33 ,2A,78A
M00364,popgen_study,1421,#66CC99,na,1421A
M00366,popgen_study,1421,#66CC99,na,1421A
M00680,st78_study,78,#CCCC33 ,2A,78A
M00681,popgen_study,80,#FFCC99,na,80A
M00682,popgen_study,780,#F8F8F8,na,nonMajor
M00943,st78_study,78,#CCCC33 ,2B,78A
M00944,popgen_study,1421,#66CC99,na,1421A
M00945,st78_study,78,#CCCC33 ,2A,78A
M00969,popgen_study,80,#FFCC99,na,80B
M01215,popgen_study,17,#CC99FF,na,17A
M01216_1,popgen_study,1693,#F8F8F8,na,na
M01217,popgen_study,80,#FFCC99,na,80A
M01218,popgen_study,17,#CC99FF,na,17A
M01219_3,popgen_study,80,#FFCC99,na,na
M01223,popgen_study,17,#CC99FF,na,17A
M01224_2,popgen_study,992,#F8F8F8,na,na
M01225_2,popgen_study,17,#CC99FF,na,17A
M01227_1,popgen_study,17,#CC99FF,na,17A
M01229_2,popgen_study,1424,#FF9999,na,1424B
M01234,st78_study,78,#CCCC33 ,2A,78A
M01235,st78_study,78,#CCCC33 ,2A,78A
M01236,st78_study,78,#CCCC33 ,na,78B
M01237,popgen_study,17,#CC99FF,na,na
M01238,popgen_study,1424,#FF9999,na,1424B
M01603,st78_study,78,#CCCC33 ,2A,78A
M01604,popgen_study,80,#FFCC99,na,80B
M01605,popgen_study,80,#FFCC99,na,80B
M01607_1,popgen_study,80,#FFCC99,na,80B
M01609,popgen_study,78,#CCCC33 ,na,78A
M04935,popgen_study,78,#CCCC33 ,na,78A
M04942,popgen_study,78,#CCCC33 ,na,78A
M04955,popgen_study,80,#FFCC99,na,80B
M04956,popgen_study,78,#CCCC33 ,na,78A
M05121,popgen_study,17,#CC99FF,na,17A
M05847,st78_study,78,#CCCC33 ,na,78A
M05849,popgen_study,1424,#FF9999,na,1424B
M06003,popgen_study,78,#CCCC33 ,na,78A
M06114_3,st78_study,78,#CCCC33 ,2A,na
M07824,st78_study,78,#CCCC33 ,2A,na
M07969,popgen_study,1424,#FF9999,na,na
M08911,popgen_study,1424,#FF9999,na,1424A
M08912,popgen_study,80,#FFCC99,na,80B
M08913,popgen_study,80,#FFCC99,na,80B
M08914,popgen_study,80,#FFCC99,na,80B
M08915,popgen_study,80,#FFCC99,na,80B
M08916,popgen_study,1424,#FF9999,na,1424A
M08920,popgen_study,80,#FFCC99,na,nonMajor
M08921,popgen_study,1424,#FF9999,na,1424A
M08922,popgen_study,1424,#FF9999,na,1424A
M810154,st78_study,78,#CCCC33 ,2B,78A
M810155,popgen_study,80,#FFCC99,na,na
M810156,popgen_study,1421,#66CC99,na,1421A
M810157,popgen_study,17,#CC99FF,na,nonMajor
M810158,popgen_study,78,#CCCC33 ,na,na
M810370,popgen_study,17,#CC99FF,na,nonMajor
M810371,popgen_study,1421,#66CC99,na,1421A
M810372,popgen_study,1421,#66CC99,na,1421A
M810373,popgen_study,80,#FFCC99,na,na
M810374,popgen_study,203,#99CCCC,na,203A
M810375,popgen_study,203,#99CCCC,na,nonMajor
M810376,popgen_study,1421,#66CC99,na,1421A
M810377,popgen_study,1421,#66CC99,na,1421A
M810622,popgen_study,1421,#66CC99,na,1421A
M810623,popgen_study,17,#CC99FF,na,17A
M810624,popgen_study,80,#FFCC99,na,nonMajor
M810625,popgen_study,17,#CC99FF,na,na
M810626,popgen_study,1421,#66CC99,na,1421A
M810627,popgen_study,1421,#66CC99,na,1421A
M810881,popgen_study,17,#CC99FF,na,nonMajor
M810885,st78_study,78,#CCCC33 ,na,78B
M810887,popgen_study,1421,#66CC99,na,1421A
M810888,popgen_study,1421,#66CC99,na,1421A
M811152,popgen_study,80,#FFCC99,na,80A
M811153,popgen_study,1421,#66CC99,na,1421A
M811154,popgen_study,203,#99CCCC,na,203A
M86159,st78_study,78,#CCCC33 ,2B,78A
M86327,popgen_study,1424,#FF9999,na,1424A
M86328,popgen_study,80,#FFCC99,na,80A
M86331,popgen_study,80,#FFCC99,na,80A
M86332,popgen_study,1421,#66CC99,na,1421A
M86334,popgen_study,1424,#FF9999,na,1424A
M86335,popgen_study,1424,#FF9999,na,1424A
M86338,popgen_study,1421,#66CC99,na,1421A
M86340,popgen_study,1421,#66CC99,na,1421A
M86342,popgen_study,1421,#66CC99,na,1421A
M86343,popgen_study,1421,#66CC99,na,1421A
M86344,popgen_study,80,#FFCC99,na,80A
M86345,popgen_study,78,#CCCC33 ,na,78A
M86346,popgen_study,80,#FFCC99,na,80A
M86347,popgen_study,1424,#FF9999,na,1424A
M86348,popgen_study,1424,#FF9999,na,na
M86351,popgen_study,1421,#66CC99,na,1421A
M86352,popgen_study,17,#CC99FF,na,17A
M86353,popgen_study,78,#CCCC33 ,na,na
M86354,popgen_study,78,#CCCC33 ,na,nonMajor
M86355,popgen_study,1424,#FF9999,na,1424A
M86356,popgen_study,17,#CC99FF,na,17A
M86357,popgen_study,1424,#FF9999,na,1424A
M86358,popgen_study,1421,#66CC99,na,1421A
M86359,popgen_study,1421,#66CC99,na,1421A
M86360,popgen_study,1424,#FF9999,na,1424A
M86361,popgen_study,78,#CCCC33 ,na,78B
M86365,popgen_study,17,#CC99FF,na,na
M86366,popgen_study,1421,#66CC99,na,1421A
M86367,popgen_study,1424,#FF9999,na,1424A
M86368,popgen_study,80,#FFCC99,na,80A
M86369,popgen_study,1421,#66CC99,na,1421A
M86370,popgen_study,80,#FFCC99,na,na
M86371,popgen_study,1424,#FF9999,na,1424A
M86372,popgen_study,78,#CCCC33 ,na,78A
M86373,popgen_study,80,#FFCC99,na,80B
M86374,popgen_study,80,#FFCC99,na,na
M86375,popgen_study,1421,#66CC99,na,1421A
M86377,popgen_study,1421,#66CC99,na,1421A
M86378,popgen_study,1424,#FF9999,na,1424A
M86379,popgen_study,555,#B2258F,na,na
M86380,popgen_study,80,#FFCC99,na,80B
M86437,popgen_study,78,#CCCC33 ,na,na
M86438,popgen_study,1421,#66CC99,na,1421A
M86439,popgen_study,1421,#66CC99,na,1421A
M86440,popgen_study,1421,#66CC99,na,1421A
M86441,popgen_study,203,#99CCCC,na,nonMajor
M86442,popgen_study,1421,#66CC99,na,1421A
M86927,popgen_study,1421,#66CC99,na,1421A
M86928,popgen_study,1421,#66CC99,na,1421A
M86929,popgen_study,203,#99CCCC,na,na
M86936,popgen_study,78,#CCCC33 ,na,78B
M86937,popgen_study,555,#B2258F,na,555A
M87137,popgen_study,203,#99CCCC,na,nonMajor
M87138,popgen_study,203,#99CCCC,na,nonMajor
M87335,popgen_study,1421,#66CC99,na,1421A
M87339,popgen_study,78,#CCCC33 ,na,78A
M87672,popgen_study,17,#CC99FF,na,17A
M87673,popgen_study,1424,#FF9999,na,1424A
M87674,popgen_study,1421,#66CC99,na,1421A
M87675,popgen_study,1424,#FF9999,na,na
M87676,popgen_study,203,#99CCCC,na,nonMajor
M87880,popgen_study,1424,#FF9999,na,1424A
M87881,popgen_study,80,#FFCC99,na,na
M88033,popgen_study,17,#CC99FF,na,17A
M88419,popgen_study,555,#B2258F,na,na
M88655,popgen_study,203,#99CCCC,na,nonMajor
M89669,popgen_study,1421,#66CC99,na,1421A
M89910,popgen_study,203,#99CCCC,na,nonMajor
M89914,popgen_study,1421,#66CC99,na,1421A
M89915,popgen_study,17,#CC99FF,na,17A
M910014,popgen_study,78,#CCCC33 ,na,78A
M910015,popgen_study,80,#FFCC99,na,80A
M910024,popgen_study,80,#FFCC99,na,80A
M910026,popgen_study,780,#F8F8F8,na,nonMajor
M910039,popgen_study,78,#CCCC33 ,na,78A
M910048,popgen_study,17,#CC99FF,na,17A
M910049,popgen_study,17,#CC99FF,na,17A
M910050,st78_study,78,#CCCC33 ,2A,78A
M910051,popgen_study,17,#CC99FF,na,17A
M910052,popgen_study,17,#CC99FF,na,17A
M910272,popgen_study,1424,#FF9999,na,1424A
M910273,popgen_study,1424,#FF9999,na,1424A
M910274,popgen_study,1424,#FF9999,na,1424A
M910478,st78_study,78,#CCCC33 ,2A,78A
M910479,st78_study,78,#CCCC33 ,2A,78A
M910480_2,st78_study,78,#CCCC33 ,2A,78A
M910481,popgen_study,203,#99CCCC,na,203A
M910665_1,st78_study,78,#CCCC33 ,2A,78A
M910673,popgen_study,203,#99CCCC,na,203A
M910674,popgen_study,17,#CC99FF,na,17A
M910675,popgen_study,17,#CC99FF,na,17A
M910876_1,popgen_study,1424,#FF9999,na,1424A
M910877,popgen_study,1421,#66CC99,na,1421A
M910881,st78_study,78,#CCCC33 ,2A,78A
M910882,st78_study,78,#CCCC33 ,2C,78A
M910888,st78_study,78,#CCCC33 ,2A,78A
M910891,popgen_study,78,#CCCC33 ,na,78A
M910896,popgen_study,80,#FFCC99,na,na
M910936,popgen_study,1424,#FF9999,na,1424A
M910940,popgen_study,1693,#F8F8F8,na,na
M911140,st78_study,78,#CCCC33 ,2A,78A
M911142,st78_study,78,#CCCC33 ,2A,78A
M911143,popgen_study,80,#FFCC99,na,nonMajor
M911144,st78_study,78,#CCCC33 ,2A,78A
M911145,popgen_study,555,#B2258F,na,555A
M911146,st78_study,78,#CCCC33 ,2A,78A
M911362,st78_study,78,#CCCC33 ,2A,78A
M911363,popgen_study,1424,#FF9999,na,1424B
M911364,st78_study,78,#CCCC33 ,2A,78A
M911373,st78_study,78,#CCCC33 ,2A,78A
M911374,st78_study,78,#CCCC33 ,2A,78A
M911375,st78_study,78,#CCCC33 ,2A,78A
M911603,popgen_study,78,#CCCC33 ,na,78A
M911619,st78_study,78,#CCCC33 ,2A,78A
M911620,st78_study,78,#CCCC33 ,2A,78A
M911842,st78_study,78,#CCCC33 ,2A,78A
M912101,popgen_study,17,#CC99FF,na,17A
M912102,st78_study,78,#CCCC33 ,2B,78A
M912103,st78_study,78,#CCCC33 ,2A,78A
M912106,st78_study,78,#CCCC33 ,2B,78A
M912107,popgen_study,761,#F8F8F8,na,nonMajor
M91413,popgen_study,1421,#66CC99,na,1421A
M91414,st78_study,78,#CCCC33 ,2C,78A
M91415,popgen_study,1424,#FF9999,na,1424B
M91416,popgen_study,1424,#FF9999,na,1424B
M91417,popgen_study,1424,#FF9999,na,na
M91418,popgen_study,1421,#66CC99,na,1421A
M91419,popgen_study,17,#CC99FF,na,17A
M91420,popgen_study,17,#CC99FF,na,17A
M91421,popgen_study,1421,#66CC99,na,nonMajor
M91422,popgen_study,17,#CC99FF,na,17A
M91423,popgen_study,1421,#66CC99,na,1421A
M91424,popgen_study,1421,#66CC99,na,1421A
M91425,popgen_study,80,#FFCC99,na,nonMajor
M91864,popgen_study,1424,#FF9999,na,1424B
M91866,popgen_study,17,#CC99FF,na,na
M91867,popgen_study,1421,#66CC99,na,1421A
M92176,popgen_study,1424,#FF9999,na,1424A
M92502,popgen_study,555,#B2258F,na,555A
M92503,popgen_study,80,#FFCC99,na,na
M92506,popgen_study,203,#99CCCC,na,203A
M92824,popgen_study,203,#99CCCC,na,nonMajor
M92825,popgen_study,1421,#66CC99,na,1421A
M92833,popgen_study,17,#CC99FF,na,na
M93097,popgen_study,555,#B2258F,na,555A
M93098,popgen_study,992,#F8F8F8,na,na
M93369,popgen_study,1421,#66CC99,na,1421A
M93370,st78_study,78,#CCCC33 ,1D,78B
M93373,popgen_study,1421,#66CC99,na,1421A
M93669,popgen_study,1421,#66CC99,na,1421A
M93924,st78_study,78,#CCCC33 ,1D,78B
M93925,popgen_study,80,#FFCC99,na,na
M93926,popgen_study,1424,#FF9999,na,1424A
M93927,popgen_study,203,#99CCCC,na,nonMajor
M93928,popgen_study,1424,#FF9999,na,1424A
M94208,popgen_study,1424,#FF9999,na,1424A
M94211,st78_study,78,#CCCC33 ,2B,78A
M94223,popgen_study,1424,#FF9999,na,1424A
M94225,popgen_study,17,#CC99FF,na,17A
M94926,st78_study,78,#CCCC33 ,2B,78A
M94927,st78_study,78,#CCCC33 ,na,78B
M94929,popgen_study,80,#FFCC99,na,80A
M94930,popgen_study,1424,#FF9999,na,1424A
M94931,popgen_study,1424,#FF9999,na,1424A
M94932,popgen_study,1424,#FF9999,na,1424A
M95129,popgen_study,761,#F8F8F8,na,nonMajor
M95130,popgen_study,555,#B2258F,na,555A
M95525,popgen_study,262,#F8F8F8,na,na
M95526,popgen_study,17,#CC99FF,na,17A
M95527,popgen_study,1424,#FF9999,na,1424A
M95748,popgen_study,17,#CC99FF,na,na
M95763,popgen_study,17,#CC99FF,na,17A
M95764,popgen_study,555,#B2258F,na,555A
M95765,popgen_study,555,#B2258F,na,555A
M95768,st78_study,78,#CCCC33 ,2A,78A
M95769,popgen_study,555,#B2258F,na,555A
M96001,popgen_study,1424,#FF9999,na,1424A
M96002,popgen_study,1424,#FF9999,na,1424A
M96003,popgen_study,1424,#FF9999,na,1424A
M96004,popgen_study,1424,#FF9999,na,1424A
M96005,popgen_study,1424,#FF9999,na,1424A
M96006,popgen_study,78,#CCCC33 ,na,78A
M96007,popgen_study,1424,#FF9999,na,1424A
M96008,popgen_study,80,#FFCC99,na,nonMajor
M96009,popgen_study,1421,#66CC99,na,1421A
M96011,st78_study,78,#CCCC33 ,na,na
M96020,popgen_study,203,#99CCCC,na,203A
M96253,popgen_study,203,#99CCCC,na,203A
M96254,popgen_study,1424,#FF9999,na,1424A
M96463_2,popgen_study,203,#99CCCC,na,na
M96464,popgen_study,555,#B2258F,na,555A
M96465,popgen_study,78,#CCCC33 ,na,78B
M96899_1,popgen_study,2044,#F8F8F8,na,na
M96900,popgen_study,1424,#FF9999,na,1424A
M96901,popgen_study,17,#CC99FF,na,17A
M96902,st78_study,78,#CCCC33 ,2B,78A
M96903,popgen_study,80,#FFCC99,na,na
M96927,popgen_study,1424,#FF9999,na,na
M96928,popgen_study,17,#CC99FF,na,17A
M97074,popgen_study,17,#CC99FF,na,17A
M97075,popgen_study,80,#FFCC99,na,80A
M97298,popgen_study,761,#F8F8F8,na,na
M97749,popgen_study,1421,#66CC99,na,1421A
M97750,st78_study,78,#CCCC33 ,2A,78A
M97943_2,popgen_study,1421,#66CC99,na,nonMajor
M97944,st78_study,78,#CCCC33 ,2A,78A
M97945,st78_study,78,#CCCC33 ,2A,78A
M98146,st78_study,78,#CCCC33 ,2A,78A
M98147,st78_study,78,#CCCC33 ,2A,78A
M98148,popgen_study,203,#99CCCC,na,203A
M98149,popgen_study,17,#CC99FF,na,17A
M98344,popgen_study,1421,#66CC99,na,nonMajor
M98507,popgen_study,17,#CC99FF,na,17A
M98508,popgen_study,17,#CC99FF,na,17A
M98511,popgen_study,17,#CC99FF,na,17A
M98514,popgen_study,1424,#FF9999,na,1424A
M98515,popgen_study,80,#FFCC99,na,nonMajor
M98516,st78_study,78,#CCCC33 ,2A,78A
M98525,popgen_study,17,#CC99FF,na,nonMajor
M98703,st78_study,78,#CCCC33 ,2A,78A
M98884,st78_study,78,#CCCC33 ,2A,78A
M98888,popgen_study,761,#F8F8F8,na,nonMajor
M98889,st78_study,78,#CCCC33 ,2A,78A
M99055,popgen_study,80,#FFCC99,na,na
M99056,popgen_study,203,#99CCCC,na,203A
M99057,popgen_study,17,#CC99FF,na,na
M99249,popgen_study,1424,#FF9999,na,1424B
M99250,st78_study,78,#CCCC33 ,2A,78A
M99251,popgen_study,780,#F8F8F8,na,nonMajor
M99390,popgen_study,262,#F8F8F8,na,na
M99391,popgen_study,17,#CC99FF,na,17A
M99401,popgen_study,1424,#FF9999,na,1424B
M99402,st78_study,78,#CCCC33 ,2A,78A
M99616,popgen_study,17,#CC99FF,na,17A
M99624,st78_study,78,#CCCC33 ,na,78A
M99824,popgen_study,78,#CCCC33 ,na,78B
M99825,st78_study,78,#CCCC33 ,2A,78A
M99826,st78_study,78,#CCCC33 ,2C,78A
M99827,popgen_study,1421,#66CC99,na,1421A